{
    "version": "0.4",
    "title": "404",
    "type": "page",
    "metadata": {
        "template_type": "single-page",
        "include_in_zip": "1",
        "elementor_pro_required": null,
        "wp_page_template": "elementor_header_footer"
    },
    "content": [
        {
            "id": "347d92f5",
            "settings": {
                "background_background": "classic",
                "margin": {
                    "unit": "px",
                    "top": "0",
                    "right": 0,
                    "bottom": "-63",
                    "left": 0,
                    "isLinked": false
                },
                "padding": {
                    "unit": "px",
                    "top": "200",
                    "right": "0",
                    "bottom": "240",
                    "left": "0",
                    "isLinked": false
                },
                "background_overlay_background": "classic",
                "background_overlay_image": {
                    "url": "https:\/\/kitpro.site\/kidstera\/wp-content\/uploads\/sites\/172\/2023\/06\/08-ok.png",
                    "id": 230,
                    "size": "",
                    "alt": "",
                    "source": "library"
                },
                "background_overlay_position": "top center",
                "background_overlay_opacity": {
                    "unit": "px",
                    "size": 0.24,
                    "sizes": []
                },
                "shape_divider_bottom": "mountains",
                "__globals__": {
                    "background_color": "globals\/colors?id=secondary",
                    "shape_divider_bottom_color": "globals\/colors?id=e6fb36e"
                },
                "overflow": "hidden",
                "padding_tablet": {
                    "unit": "px",
                    "top": "170",
                    "right": "30",
                    "bottom": "170",
                    "left": "30",
                    "isLinked": false
                },
                "padding_mobile": {
                    "unit": "px",
                    "top": "170",
                    "right": "20",
                    "bottom": "130",
                    "left": "20",
                    "isLinked": false
                },
                "reverse_order_mobile": "reverse-mobile",
                "background_color": "#F3ECE3"
            },
            "elements": [
                {
                    "id": "924db31",
                    "settings": {
                        "_column_size": 100,
                        "_inline_size": null,
                        "margin": {
                            "unit": "px",
                            "top": "0",
                            "right": "0",
                            "bottom": "0",
                            "left": "0",
                            "isLinked": false
                        },
                        "padding": {
                            "unit": "px",
                            "top": "0",
                            "right": "0",
                            "bottom": "0",
                            "left": "0",
                            "isLinked": false
                        }
                    },
                    "elements": [
                        {
                            "id": "1d60aac9",
                            "settings": {
                                "title": "404",
                                "header_size": "h1",
                                "align": "center",
                                "_margin": {
                                    "unit": "px",
                                    "top": "0",
                                    "right": "0",
                                    "bottom": "20",
                                    "left": "0",
                                    "isLinked": false
                                },
                                "__globals__": {
                                    "typography_typography": "globals\/typography?id=79ace3e"
                                },
                                "_margin_tablet": {
                                    "unit": "px",
                                    "top": "0",
                                    "right": "0",
                                    "bottom": "0",
                                    "left": "0",
                                    "isLinked": false
                                }
                            },
                            "elements": [],
                            "isInner": false,
                            "widgetType": "heading",
                            "elType": "widget"
                        },
                        {
                            "id": "7dbebb7f",
                            "settings": {
                                "image": {
                                    "url": "https:\/\/kitpro.site\/kidstera\/wp-content\/uploads\/sites\/172\/2023\/06\/Asset-53-1.png",
                                    "id": 436,
                                    "size": "",
                                    "alt": "",
                                    "source": "library"
                                },
                                "width": {
                                    "unit": "%",
                                    "size": 15,
                                    "sizes": []
                                },
                                "width_mobile": {
                                    "unit": "%",
                                    "size": 35,
                                    "sizes": []
                                }
                            },
                            "elements": [],
                            "isInner": false,
                            "widgetType": "image",
                            "elType": "widget"
                        },
                        {
                            "id": "555d0347",
                            "settings": {
                                "title": "Opps!.. Page Not Found. ",
                                "align": "center"
                            },
                            "elements": [],
                            "isInner": false,
                            "widgetType": "heading",
                            "elType": "widget"
                        },
                        {
                            "id": "1ef34914",
                            "settings": {
                                "align": "center",
                                "_padding": {
                                    "unit": "px",
                                    "top": "0",
                                    "right": "300",
                                    "bottom": "0",
                                    "left": "300",
                                    "isLinked": false
                                },
                                "_padding_tablet": {
                                    "unit": "px",
                                    "top": "0",
                                    "right": "100",
                                    "bottom": "0",
                                    "left": "100",
                                    "isLinked": false
                                },
                                "_padding_mobile": {
                                    "unit": "px",
                                    "top": "0",
                                    "right": "0",
                                    "bottom": "0",
                                    "left": "0",
                                    "isLinked": false
                                }
                            },
                            "elements": [],
                            "isInner": false,
                            "widgetType": "text-editor",
                            "elType": "widget"
                        },
                        {
                            "id": "2de697ce",
                            "settings": {
                                "text": "Back Home",
                                "align": "center",
                                "selected_icon": {
                                    "value": "fas fa-home",
                                    "library": "fa-solid"
                                },
                                "hover_animation": "grow"
                            },
                            "elements": [],
                            "isInner": false,
                            "widgetType": "button",
                            "elType": "widget"
                        }
                    ],
                    "isInner": false,
                    "elType": "column"
                }
            ],
            "isInner": false,
            "elType": "section"
        }
    ]
}