{
    "version": "0.4",
    "title": "Appointment Form",
    "type": "section",
    "metadata": {
        "template_type": "section-other",
        "include_in_zip": "1",
        "elementor_pro_required": null,
        "wp_page_template": "elementor_canvas"
    },
    "content": [
        {
            "id": "7eadc284",
            "settings": {
                "background_background": "classic",
                "margin": {
                    "unit": "px",
                    "top": "0",
                    "right": 0,
                    "bottom": "0",
                    "left": 0,
                    "isLinked": false
                },
                "padding": {
                    "unit": "px",
                    "top": "0",
                    "right": "0",
                    "bottom": "0",
                    "left": "0",
                    "isLinked": false
                },
                "__globals__": {
                    "background_color": ""
                }
            },
            "elements": [
                {
                    "id": "5410f8e1",
                    "settings": {
                        "_column_size": 100,
                        "_inline_size": null,
                        "margin": {
                            "unit": "px",
                            "top": "0",
                            "right": "0",
                            "bottom": "0",
                            "left": "0",
                            "isLinked": false
                        },
                        "padding": {
                            "unit": "px",
                            "top": "0",
                            "right": "0",
                            "bottom": "0",
                            "left": "0",
                            "isLinked": false
                        }
                    },
                    "elements": [
                        {
                            "id": "38cbbd3b",
                            "settings": {
                                "structure": "20",
                                "margin": {
                                    "unit": "px",
                                    "top": "0",
                                    "right": 0,
                                    "bottom": "20",
                                    "left": 0,
                                    "isLinked": false
                                },
                                "margin_mobile": {
                                    "unit": "px",
                                    "top": "0",
                                    "right": 0,
                                    "bottom": "10",
                                    "left": 0,
                                    "isLinked": false
                                },
                                "padding_mobile": {
                                    "unit": "px",
                                    "top": "0",
                                    "right": "0",
                                    "bottom": "0",
                                    "left": "0",
                                    "isLinked": false
                                }
                            },
                            "elements": [
                                {
                                    "id": "2f2abaad",
                                    "settings": {
                                        "_column_size": 50,
                                        "_inline_size": null,
                                        "margin": {
                                            "unit": "px",
                                            "top": "0",
                                            "right": "10",
                                            "bottom": "0",
                                            "left": "0",
                                            "isLinked": false
                                        },
                                        "margin_mobile": {
                                            "unit": "px",
                                            "top": "0",
                                            "right": "0",
                                            "bottom": "10",
                                            "left": "0",
                                            "isLinked": false
                                        },
                                        "padding": {
                                            "unit": "px",
                                            "top": "0",
                                            "right": "0",
                                            "bottom": "0",
                                            "left": "0",
                                            "isLinked": false
                                        }
                                    },
                                    "elements": [
                                        {
                                            "id": "4fb55e03",
                                            "settings": {
                                                "mf_input_label_status": "",
                                                "mf_input_label": "Email",
                                                "mf_input_name": "mf-email",
                                                "mf_input_placeholder": "Email",
                                                "mf_input_validation_warning_message": "This field is required.",
                                                "mf_input_padding": {
                                                    "unit": "px",
                                                    "top": "20",
                                                    "right": "30",
                                                    "bottom": "20",
                                                    "left": "30",
                                                    "isLinked": false
                                                },
                                                "mf_input_background_background": "classic",
                                                "mf_input_border_border": "none",
                                                "mf_input_border_radius": {
                                                    "unit": "px",
                                                    "size": 30,
                                                    "sizes": []
                                                },
                                                "__globals__": {
                                                    "mf_input_background_color": "globals\/colors?id=5d7f9b2",
                                                    "mf_input_color": "globals\/colors?id=5850571",
                                                    "mf_input_placeholder_color": "globals\/colors?id=5850571",
                                                    "mf_input_color_hover": "globals\/colors?id=5850571",
                                                    "mf_input_color_focus": "globals\/colors?id=5850571"
                                                }
                                            },
                                            "elements": [],
                                            "isInner": false,
                                            "widgetType": "mf-email",
                                            "elType": "widget"
                                        }
                                    ],
                                    "isInner": true,
                                    "elType": "column"
                                },
                                {
                                    "id": "4a107779",
                                    "settings": {
                                        "_column_size": 50,
                                        "_inline_size": null,
                                        "margin": {
                                            "unit": "px",
                                            "top": "0",
                                            "right": "0",
                                            "bottom": "0",
                                            "left": "10",
                                            "isLinked": false
                                        },
                                        "margin_mobile": {
                                            "unit": "px",
                                            "top": "0",
                                            "right": "0",
                                            "bottom": "0",
                                            "left": "0",
                                            "isLinked": false
                                        },
                                        "padding": {
                                            "unit": "px",
                                            "top": "0",
                                            "right": "0",
                                            "bottom": "0",
                                            "left": "0",
                                            "isLinked": false
                                        }
                                    },
                                    "elements": [
                                        {
                                            "id": "7241d8b",
                                            "settings": {
                                                "mf_input_label_status": "",
                                                "mf_input_label": "Text",
                                                "mf_input_name": "mf-text",
                                                "mf_input_placeholder": "Name",
                                                "mf_input_validation_warning_message": "This field is required.",
                                                "mf_input_padding": {
                                                    "unit": "px",
                                                    "top": "20",
                                                    "right": "30",
                                                    "bottom": "20",
                                                    "left": "30",
                                                    "isLinked": false
                                                },
                                                "mf_input_background_background": "classic",
                                                "mf_input_border_border": "none",
                                                "mf_input_border_radius": {
                                                    "unit": "px",
                                                    "size": 30,
                                                    "sizes": []
                                                },
                                                "__globals__": {
                                                    "mf_input_background_color": "globals\/colors?id=5d7f9b2",
                                                    "mf_input_color": "globals\/colors?id=5850571",
                                                    "mf_input_placeholder_color": "globals\/colors?id=5850571",
                                                    "mf_input_color_hover": "globals\/colors?id=5850571",
                                                    "mf_input_color_focus": "globals\/colors?id=5850571"
                                                }
                                            },
                                            "elements": [],
                                            "isInner": false,
                                            "widgetType": "mf-text",
                                            "elType": "widget"
                                        }
                                    ],
                                    "isInner": true,
                                    "elType": "column"
                                }
                            ],
                            "isInner": true,
                            "elType": "section"
                        },
                        {
                            "id": "702dc088",
                            "settings": {
                                "structure": "20",
                                "margin": {
                                    "unit": "px",
                                    "top": "0",
                                    "right": 0,
                                    "bottom": "20",
                                    "left": 0,
                                    "isLinked": false
                                },
                                "margin_mobile": {
                                    "unit": "px",
                                    "top": "0",
                                    "right": 0,
                                    "bottom": "10",
                                    "left": 0,
                                    "isLinked": false
                                },
                                "padding": {
                                    "unit": "px",
                                    "top": "0",
                                    "right": "0",
                                    "bottom": "0",
                                    "left": "0",
                                    "isLinked": false
                                }
                            },
                            "elements": [
                                {
                                    "id": "7197aed1",
                                    "settings": {
                                        "_column_size": 50,
                                        "_inline_size": null,
                                        "margin": {
                                            "unit": "px",
                                            "top": "0",
                                            "right": "10",
                                            "bottom": "0",
                                            "left": "0",
                                            "isLinked": false
                                        },
                                        "margin_mobile": {
                                            "unit": "px",
                                            "top": "0",
                                            "right": "0",
                                            "bottom": "10",
                                            "left": "0",
                                            "isLinked": false
                                        },
                                        "padding": {
                                            "unit": "px",
                                            "top": "0",
                                            "right": "0",
                                            "bottom": "0",
                                            "left": "0",
                                            "isLinked": false
                                        }
                                    },
                                    "elements": [
                                        {
                                            "id": "10180eae",
                                            "settings": {
                                                "mf_input_label_status": "",
                                                "mf_input_label": "Select",
                                                "mf_input_name": "mf-select",
                                                "mf_input_placeholder": "Services",
                                                "mf_input_list": [
                                                    {
                                                        "mf_input_option_text": "Item 1",
                                                        "mf_input_option_value": "value-1",
                                                        "_id": "9663ecc"
                                                    },
                                                    {
                                                        "mf_input_option_text": "Item 2",
                                                        "mf_input_option_value": "value-2",
                                                        "_id": "68bf7a8"
                                                    },
                                                    {
                                                        "mf_input_option_text": "Item 3",
                                                        "mf_input_option_value": "value-3",
                                                        "_id": "77987d1"
                                                    }
                                                ],
                                                "mf_input_validation_warning_message": "This field is required.",
                                                "mf_input_padding": {
                                                    "unit": "px",
                                                    "top": "20",
                                                    "right": "30",
                                                    "bottom": "20",
                                                    "left": "30",
                                                    "isLinked": false
                                                },
                                                "mf_input_background_background": "classic",
                                                "mf_input_border_border": "none",
                                                "mf_input_border_radius": {
                                                    "unit": "px",
                                                    "size": 30,
                                                    "sizes": []
                                                },
                                                "__globals__": {
                                                    "mf_input_background_color": "globals\/colors?id=5d7f9b2",
                                                    "mf_input_color": "globals\/colors?id=5850571",
                                                    "mf_input_placeholder_color": "globals\/colors?id=5850571",
                                                    "mf_input_color_hover": "globals\/colors?id=5850571",
                                                    "mf_input_color_focus": "globals\/colors?id=5850571"
                                                }
                                            },
                                            "elements": [],
                                            "isInner": false,
                                            "widgetType": "mf-select",
                                            "elType": "widget"
                                        }
                                    ],
                                    "isInner": true,
                                    "elType": "column"
                                },
                                {
                                    "id": "3d8daa88",
                                    "settings": {
                                        "_column_size": 50,
                                        "_inline_size": null,
                                        "margin": {
                                            "unit": "px",
                                            "top": "0",
                                            "right": "0",
                                            "bottom": "0",
                                            "left": "10",
                                            "isLinked": false
                                        },
                                        "margin_mobile": {
                                            "unit": "px",
                                            "top": "0",
                                            "right": "0",
                                            "bottom": "0",
                                            "left": "0",
                                            "isLinked": false
                                        },
                                        "padding": {
                                            "unit": "px",
                                            "top": "0",
                                            "right": "0",
                                            "bottom": "0",
                                            "left": "0",
                                            "isLinked": false
                                        }
                                    },
                                    "elements": [
                                        {
                                            "id": "3bb79ba",
                                            "settings": {
                                                "mf_input_label_status": "",
                                                "mf_input_label": "Date",
                                                "mf_input_name": "mf-date",
                                                "mf_input_placeholder": "Date",
                                                "mf_input_validation_warning_message": "This field is required.",
                                                "mf_input_disable_date_list": [],
                                                "mf_input_padding": {
                                                    "unit": "px",
                                                    "top": "20",
                                                    "right": "30",
                                                    "bottom": "20",
                                                    "left": "30",
                                                    "isLinked": false
                                                },
                                                "mf_input_background_background": "classic",
                                                "mf_input_border_border": "none",
                                                "mf_input_border_radius": {
                                                    "unit": "px",
                                                    "size": 30,
                                                    "sizes": []
                                                },
                                                "__globals__": {
                                                    "mf_input_background_color": "globals\/colors?id=5d7f9b2",
                                                    "mf_input_color": "globals\/colors?id=5850571",
                                                    "mf_input_placeholder_color": "globals\/colors?id=5850571",
                                                    "mf_input_color_hover": "globals\/colors?id=5850571",
                                                    "mf_input_color_focus": "globals\/colors?id=5850571"
                                                }
                                            },
                                            "elements": [],
                                            "isInner": false,
                                            "widgetType": "mf-date",
                                            "elType": "widget"
                                        }
                                    ],
                                    "isInner": true,
                                    "elType": "column"
                                }
                            ],
                            "isInner": true,
                            "elType": "section"
                        },
                        {
                            "id": "5fea24c5",
                            "settings": {
                                "mf_input_label_status": "",
                                "mf_input_label": "Textarea",
                                "mf_input_name": "mf-textarea",
                                "mf_input_placeholder": "Message",
                                "mf_input_validation_warning_message": "This field is required.",
                                "mf_input_padding": {
                                    "unit": "px",
                                    "top": "20",
                                    "right": "30",
                                    "bottom": "20",
                                    "left": "30",
                                    "isLinked": false
                                },
                                "mf_input_background_background": "classic",
                                "mf_input_border_border": "none",
                                "mf_input_border_radius": {
                                    "unit": "px",
                                    "size": 30,
                                    "sizes": []
                                },
                                "__globals__": {
                                    "mf_input_background_color": "globals\/colors?id=5d7f9b2",
                                    "mf_input_color": "globals\/colors?id=5850571",
                                    "mf_input_placeholder_color": "globals\/colors?id=5850571",
                                    "mf_input_color_hover": "globals\/colors?id=5850571",
                                    "mf_input_color_focus": "globals\/colors?id=5850571"
                                }
                            },
                            "elements": [],
                            "isInner": false,
                            "widgetType": "mf-textarea",
                            "elType": "widget"
                        },
                        {
                            "id": "59ad4246",
                            "settings": {
                                "mf_btn_text": "Submit Button",
                                "mf_btn_align": "left",
                                "mf_btn_align_mobile": "justify",
                                "mf_hidden_input": [],
                                "mf_btn_text_padding": {
                                    "unit": "px",
                                    "top": "20",
                                    "right": "40",
                                    "bottom": "20",
                                    "left": "40",
                                    "isLinked": false
                                },
                                "mf_btn_bg_color_background": "classic",
                                "mf_btn_border_radius": {
                                    "unit": "px",
                                    "top": "30",
                                    "right": "30",
                                    "bottom": "30",
                                    "left": "30",
                                    "isLinked": true
                                },
                                "mf_btn_box_shadow_group_box_shadow_type": "yes",
                                "mf_btn_box_shadow_group_box_shadow": {
                                    "horizontal": 0,
                                    "vertical": 0,
                                    "blur": 0,
                                    "spread": 0,
                                    "color": "rgba(0,0,0,0.5)"
                                },
                                "__globals__": {
                                    "mf_btn_bg_color_color": "globals\/colors?id=accent",
                                    "mf_btn_text_color": "globals\/colors?id=5850571",
                                    "mf_btn_hover_color": "globals\/colors?id=5850571"
                                }
                            },
                            "elements": [],
                            "isInner": false,
                            "widgetType": "mf-button",
                            "elType": "widget"
                        }
                    ],
                    "isInner": false,
                    "elType": "column"
                }
            ],
            "isInner": false,
            "elType": "section"
        }
    ]
}