{
    "version": "0.4",
    "title": "Blog",
    "type": "page",
    "metadata": {
        "template_type": "single-page",
        "include_in_zip": "1",
        "elementor_pro_required": null,
        "wp_page_template": "elementor_header_footer"
    },
    "content": [
        {
            "id": "4e9e1453",
            "settings": {
                "background_background": "classic",
                "margin": {
                    "unit": "px",
                    "top": "0",
                    "right": 0,
                    "bottom": "0",
                    "left": 0,
                    "isLinked": false
                },
                "padding": {
                    "unit": "px",
                    "top": "200",
                    "right": "0",
                    "bottom": "240",
                    "left": "0",
                    "isLinked": false
                },
                "background_overlay_background": "classic",
                "background_overlay_image": {
                    "url": "https:\/\/kitpro.site\/kidstera\/wp-content\/uploads\/sites\/172\/2023\/06\/08-ok.png",
                    "id": 230,
                    "size": "",
                    "alt": "",
                    "source": "library"
                },
                "background_overlay_position": "top center",
                "background_overlay_opacity": {
                    "unit": "px",
                    "size": 0.24,
                    "sizes": []
                },
                "shape_divider_bottom": "mountains",
                "__globals__": {
                    "background_color": "globals\/colors?id=secondary",
                    "shape_divider_bottom_color": "globals\/colors?id=e6fb36e"
                },
                "overflow": "hidden",
                "padding_tablet": {
                    "unit": "px",
                    "top": "170",
                    "right": "30",
                    "bottom": "170",
                    "left": "30",
                    "isLinked": false
                },
                "padding_mobile": {
                    "unit": "px",
                    "top": "170",
                    "right": "20",
                    "bottom": "130",
                    "left": "20",
                    "isLinked": false
                },
                "reverse_order_mobile": "reverse-mobile"
            },
            "elements": [
                {
                    "id": "15e2f207",
                    "settings": {
                        "_column_size": 100,
                        "_inline_size": null,
                        "margin": {
                            "unit": "px",
                            "top": "0",
                            "right": "0",
                            "bottom": "0",
                            "left": "0",
                            "isLinked": false
                        },
                        "padding": {
                            "unit": "px",
                            "top": "0",
                            "right": "0",
                            "bottom": "0",
                            "left": "0",
                            "isLinked": false
                        }
                    },
                    "elements": [
                        {
                            "id": "60d8b611",
                            "settings": {
                                "title": "Blog & Article",
                                "header_size": "h1",
                                "align": "center"
                            },
                            "elements": [],
                            "isInner": false,
                            "widgetType": "heading",
                            "elType": "widget"
                        },
                        {
                            "id": "61cc4c4b",
                            "settings": {
                                "image": {
                                    "url": "https:\/\/kitpro.site\/kidstera\/wp-content\/uploads\/sites\/172\/2023\/06\/Asset-53-1.png",
                                    "id": 436,
                                    "size": "",
                                    "alt": "",
                                    "source": "library"
                                },
                                "width": {
                                    "unit": "%",
                                    "size": 15,
                                    "sizes": []
                                },
                                "width_mobile": {
                                    "unit": "%",
                                    "size": 35,
                                    "sizes": []
                                }
                            },
                            "elements": [],
                            "isInner": false,
                            "widgetType": "image",
                            "elType": "widget"
                        }
                    ],
                    "isInner": false,
                    "elType": "column"
                }
            ],
            "isInner": false,
            "elType": "section"
        },
        {
            "id": "63ad601e",
            "settings": {
                "background_background": "classic",
                "shape_divider_bottom": "split",
                "padding": {
                    "unit": "px",
                    "top": "100",
                    "right": "0",
                    "bottom": "100",
                    "left": "0",
                    "isLinked": false
                },
                "padding_tablet": {
                    "unit": "px",
                    "top": "70",
                    "right": "30",
                    "bottom": "70",
                    "left": "30",
                    "isLinked": false
                },
                "padding_mobile": {
                    "unit": "px",
                    "top": "70",
                    "right": "20",
                    "bottom": "70",
                    "left": "20",
                    "isLinked": false
                },
                "__globals__": {
                    "background_color": "globals\/colors?id=e6fb36e"
                }
            },
            "elements": [
                {
                    "id": "155d78e2",
                    "settings": {
                        "_column_size": 100,
                        "_inline_size": null,
                        "margin": {
                            "unit": "px",
                            "top": "0",
                            "right": "0",
                            "bottom": "0",
                            "left": "0",
                            "isLinked": false
                        },
                        "padding": {
                            "unit": "px",
                            "top": "0",
                            "right": "0",
                            "bottom": "0",
                            "left": "0",
                            "isLinked": false
                        }
                    },
                    "elements": [
                        {
                            "id": "22407efb",
                            "settings": {
                                "structure": "20"
                            },
                            "elements": [
                                {
                                    "id": "56393e34",
                                    "settings": {
                                        "_column_size": 50,
                                        "_inline_size": null,
                                        "content_position": "center",
                                        "border_border": "solid",
                                        "border_width": {
                                            "unit": "px",
                                            "top": "0",
                                            "right": "1",
                                            "bottom": "0",
                                            "left": "0",
                                            "isLinked": false
                                        },
                                        "border_color": "#FFFFFF36",
                                        "margin": {
                                            "unit": "px",
                                            "top": "0",
                                            "right": "0",
                                            "bottom": "0",
                                            "left": "0",
                                            "isLinked": false
                                        },
                                        "padding": {
                                            "unit": "px",
                                            "top": "0",
                                            "right": "70",
                                            "bottom": "0",
                                            "left": "0",
                                            "isLinked": false
                                        },
                                        "border_width_mobile": {
                                            "unit": "px",
                                            "top": "0",
                                            "right": "0",
                                            "bottom": "0",
                                            "left": "0",
                                            "isLinked": false
                                        },
                                        "padding_tablet": {
                                            "unit": "px",
                                            "top": "0",
                                            "right": "50",
                                            "bottom": "0",
                                            "left": "0",
                                            "isLinked": false
                                        },
                                        "padding_mobile": {
                                            "unit": "px",
                                            "top": "0",
                                            "right": "0",
                                            "bottom": "30",
                                            "left": "0",
                                            "isLinked": false
                                        }
                                    },
                                    "elements": [
                                        {
                                            "id": "b6185d3",
                                            "settings": {
                                                "title": "We are here to help you.",
                                                "align": "right",
                                                "typography_font_family": "Signika Negative",
                                                "typography_font_size": {
                                                    "unit": "em",
                                                    "size": 3,
                                                    "sizes": []
                                                },
                                                "typography_font_size_tablet": {
                                                    "unit": "em",
                                                    "size": "",
                                                    "sizes": []
                                                },
                                                "typography_font_size_mobile": {
                                                    "unit": "em",
                                                    "size": "",
                                                    "sizes": []
                                                },
                                                "typography_font_weight": "700",
                                                "_padding": {
                                                    "unit": "px",
                                                    "top": "0",
                                                    "right": "0",
                                                    "bottom": "0",
                                                    "left": "200",
                                                    "isLinked": false
                                                },
                                                "_margin": {
                                                    "unit": "px",
                                                    "top": "0",
                                                    "right": "0",
                                                    "bottom": "0",
                                                    "left": "0",
                                                    "isLinked": false
                                                },
                                                "__globals__": {
                                                    "title_color": "globals\/colors?id=5850571"
                                                },
                                                "align_mobile": "center",
                                                "_padding_tablet": {
                                                    "unit": "px",
                                                    "top": "0",
                                                    "right": "0",
                                                    "bottom": "0",
                                                    "left": "50",
                                                    "isLinked": false
                                                },
                                                "_padding_mobile": {
                                                    "unit": "px",
                                                    "top": "0",
                                                    "right": "40",
                                                    "bottom": "0",
                                                    "left": "40",
                                                    "isLinked": false
                                                }
                                            },
                                            "elements": [],
                                            "isInner": false,
                                            "widgetType": "heading",
                                            "elType": "widget"
                                        }
                                    ],
                                    "isInner": true,
                                    "elType": "column"
                                },
                                {
                                    "id": "5c8a8410",
                                    "settings": {
                                        "_column_size": 50,
                                        "_inline_size": null,
                                        "margin": {
                                            "unit": "px",
                                            "top": "0",
                                            "right": "0",
                                            "bottom": "0",
                                            "left": "0",
                                            "isLinked": false
                                        },
                                        "padding": {
                                            "unit": "px",
                                            "top": "0",
                                            "right": "0",
                                            "bottom": "0",
                                            "left": "70",
                                            "isLinked": false
                                        },
                                        "padding_tablet": {
                                            "unit": "px",
                                            "top": "0",
                                            "right": "0",
                                            "bottom": "0",
                                            "left": "50",
                                            "isLinked": false
                                        },
                                        "padding_mobile": {
                                            "unit": "px",
                                            "top": "0",
                                            "right": "0",
                                            "bottom": "0",
                                            "left": "0",
                                            "isLinked": false
                                        }
                                    },
                                    "elements": [
                                        {
                                            "id": "3c5c5f7",
                                            "settings": {
                                                "editor": "<p>Lorem ipsum dolor sit amet, consectetur adipiscing elit. Ut elit tellus, luctus nec ullamcorper mattis.<\/p>",
                                                "_margin": {
                                                    "unit": "px",
                                                    "top": "0",
                                                    "right": "0",
                                                    "bottom": "-20",
                                                    "left": "0",
                                                    "isLinked": false
                                                },
                                                "_padding": {
                                                    "unit": "px",
                                                    "top": "0",
                                                    "right": "80",
                                                    "bottom": "0",
                                                    "left": "0",
                                                    "isLinked": false
                                                },
                                                "__globals__": {
                                                    "text_color": "globals\/colors?id=c554a93"
                                                },
                                                "align_mobile": "center",
                                                "_padding_tablet": {
                                                    "unit": "px",
                                                    "top": "0",
                                                    "right": "0",
                                                    "bottom": "0",
                                                    "left": "0",
                                                    "isLinked": false
                                                }
                                            },
                                            "elements": [],
                                            "isInner": false,
                                            "widgetType": "text-editor",
                                            "elType": "widget"
                                        },
                                        {
                                            "id": "7b3cef",
                                            "settings": {
                                                "text": "Learn More",
                                                "hover_animation": "grow",
                                                "__globals__": {
                                                    "background_color": "globals\/colors?id=secondary",
                                                    "button_text_color": "globals\/colors?id=primary"
                                                },
                                                "align_mobile": "center"
                                            },
                                            "elements": [],
                                            "isInner": false,
                                            "widgetType": "button",
                                            "elType": "widget"
                                        }
                                    ],
                                    "isInner": true,
                                    "elType": "column"
                                }
                            ],
                            "isInner": true,
                            "elType": "section"
                        }
                    ],
                    "isInner": false,
                    "elType": "column"
                }
            ],
            "isInner": false,
            "elType": "section"
        },
        {
            "id": "417e5baa",
            "settings": {
                "margin": {
                    "unit": "px",
                    "top": "0",
                    "right": 0,
                    "bottom": "0",
                    "left": 0,
                    "isLinked": false
                },
                "padding": {
                    "unit": "px",
                    "top": "100",
                    "right": "0",
                    "bottom": "100",
                    "left": "0",
                    "isLinked": false
                },
                "padding_tablet": {
                    "unit": "px",
                    "top": "100",
                    "right": "30",
                    "bottom": "100",
                    "left": "30",
                    "isLinked": false
                },
                "padding_mobile": {
                    "unit": "px",
                    "top": "100",
                    "right": "20",
                    "bottom": "100",
                    "left": "20",
                    "isLinked": false
                }
            },
            "elements": [
                {
                    "id": "7426bee4",
                    "settings": {
                        "_column_size": 100,
                        "_inline_size": null,
                        "margin": {
                            "unit": "px",
                            "top": "0",
                            "right": "0",
                            "bottom": "0",
                            "left": "0",
                            "isLinked": false
                        },
                        "padding": {
                            "unit": "px",
                            "top": "0",
                            "right": "0",
                            "bottom": "0",
                            "left": "0",
                            "isLinked": false
                        }
                    },
                    "elements": [
                        {
                            "id": "313ec5a",
                            "settings": {
                                "ekit_blog_posts_layout_style": "elementskit-post-image-card",
                                "ekit_blog_posts_content_trim": 12,
                                "ekit_blog_posts_cats": [
                                    "1"
                                ],
                                "ekit_blog_posts_floating_date": "yes",
                                "ekit_blog_posts_meta_select": [
                                    "category"
                                ],
                                "ekit_blog_posts_btn_text": "Learn more ",
                                "ekit_blog_posts_btn_icons": {
                                    "value": "fas fa-arrow-circle-right",
                                    "library": "fa-solid"
                                },
                                "ekit_blog_posts_background_background": "classic",
                                "ekit_blog_posts_shadow_box_shadow_type": "yes",
                                "ekit_blog_posts_shadow_box_shadow": {
                                    "horizontal": 0,
                                    "vertical": 0,
                                    "blur": 0,
                                    "spread": 0,
                                    "color": "rgba(0,0,0,0.5)"
                                },
                                "ekit_blog_posts_radius": {
                                    "unit": "px",
                                    "top": "0",
                                    "right": "0",
                                    "bottom": "0",
                                    "left": "0",
                                    "isLinked": true
                                },
                                "ekit_blog_posts_padding": {
                                    "unit": "px",
                                    "top": "0",
                                    "right": "0",
                                    "bottom": "0",
                                    "left": "0",
                                    "isLinked": true
                                },
                                "ekit_blog_posts_margin": {
                                    "unit": "px",
                                    "top": "0",
                                    "right": "0",
                                    "bottom": "50",
                                    "left": "0",
                                    "isLinked": false
                                },
                                "ekit_blog_posts_text_content_wraper_padding": {
                                    "unit": "px",
                                    "top": "0",
                                    "right": "0",
                                    "bottom": "0",
                                    "left": "0",
                                    "isLinked": true
                                },
                                "ekit_blog_posts_feature_img_radius": {
                                    "unit": "px",
                                    "top": "30",
                                    "right": "30",
                                    "bottom": "30",
                                    "left": "30",
                                    "isLinked": true
                                },
                                "ekit_blog_posts_feature_img_margin": {
                                    "unit": "px",
                                    "top": "0",
                                    "right": "0",
                                    "bottom": "0",
                                    "left": "0",
                                    "isLinked": true
                                },
                                "ekit_blog_posts_feature_img_padding": {
                                    "unit": "px",
                                    "top": "0",
                                    "right": "0",
                                    "bottom": "0",
                                    "left": "0",
                                    "isLinked": true
                                },
                                "ekit_blog_posts_meta_margin": {
                                    "unit": "px",
                                    "top": "0",
                                    "right": "0",
                                    "bottom": "15",
                                    "left": "0",
                                    "isLinked": false
                                },
                                "ekit_blog_posts_floating_date_height": {
                                    "unit": "px",
                                    "size": 70,
                                    "sizes": []
                                },
                                "ekit_blog_posts_floating_date_width": {
                                    "unit": "px",
                                    "size": 70,
                                    "sizes": []
                                },
                                "ekit_blog_posts_floating_date_left_pos": {
                                    "unit": "px",
                                    "size": 257,
                                    "sizes": []
                                },
                                "ekit_blog_posts_floating_date_bg_color_group_background": "classic",
                                "ekit_blog_posts_title_margin": {
                                    "unit": "px",
                                    "top": "0",
                                    "right": "0",
                                    "bottom": "15",
                                    "left": "0",
                                    "isLinked": false
                                },
                                "ekit_blog_posts_content_margin": {
                                    "unit": "px",
                                    "top": "0",
                                    "right": "0",
                                    "bottom": "25",
                                    "left": "0",
                                    "isLinked": false
                                },
                                "ekit_blog_posts_btn_text_padding": {
                                    "unit": "px",
                                    "top": "17",
                                    "right": "30",
                                    "bottom": "17",
                                    "left": "30",
                                    "isLinked": false
                                },
                                "ekit_blog_posts_btn_bg_color_background": "classic",
                                "ekit_blog_posts_btn_border_radius": {
                                    "unit": "px",
                                    "top": "30",
                                    "right": "30",
                                    "bottom": "30",
                                    "left": "30",
                                    "isLinked": true
                                },
                                "__globals__": {
                                    "ekit_blog_posts_content_color": "globals\/colors?id=text",
                                    "ekit_blog_posts_meta_color_normal": "globals\/colors?id=text",
                                    "ekit_blog_posts_background_color": "globals\/colors?id=bdf6d13",
                                    "ekit_blog_posts_floating_date_bg_color_group_color": "globals\/colors?id=e6fb36e",
                                    "ekit_blog_posts_title_color": "globals\/colors?id=primary",
                                    "ekit_blog_posts_title_typography_typography": "globals\/typography?id=8047c2f",
                                    "ekit_blog_posts_btn_bg_color_color": "globals\/colors?id=accent",
                                    "ekit_blog_posts_btn_text_color": "globals\/colors?id=5850571"
                                },
                                "ekit_blog_posts_floating_date_height_mobile": {
                                    "unit": "px",
                                    "size": 65,
                                    "sizes": []
                                },
                                "ekit_blog_posts_floating_date_width_mobile": {
                                    "unit": "px",
                                    "size": 64,
                                    "sizes": []
                                },
                                "ekit_blog_posts_floating_date_left_pos_mobile": {
                                    "unit": "px",
                                    "size": 214,
                                    "sizes": []
                                },
                                "ekit_blog_posts_num": 9
                            },
                            "elements": [],
                            "isInner": false,
                            "widgetType": "elementskit-blog-posts",
                            "elType": "widget"
                        }
                    ],
                    "isInner": false,
                    "elType": "column"
                }
            ],
            "isInner": false,
            "elType": "section"
        }
    ]
}