{
    "version": "0.4",
    "title": "Global Kit Styles",
    "type": "section",
    "metadata": {
        "template_type": "global-styles",
        "include_in_zip": "1",
        "elementor_pro_required": null,
        "additional_template_information": [
            "These are the global theme styles configured through the Elementor Theme Styles area."
        ],
        "wp_page_template": "default"
    },
    "content": [],
    "page_settings": {
        "system_colors": [
            {
                "_id": "primary",
                "title": "Primary",
                "color": "#5E667A"
            },
            {
                "_id": "secondary",
                "title": "Secondary",
                "color": "#F3ECE3"
            },
            {
                "_id": "text",
                "title": "Text",
                "color": "#7A7A7A"
            },
            {
                "_id": "accent",
                "title": "Accent",
                "color": "#5494C7"
            }
        ],
        "custom_colors": [
            {
                "_id": "0376f99",
                "title": "Brown",
                "color": "#CC826E"
            },
            {
                "_id": "5850571",
                "title": "White",
                "color": "#FFFFFF"
            },
            {
                "_id": "c554a93",
                "title": "Text Dark",
                "color": "#EBEBEB"
            },
            {
                "_id": "b0fdca5",
                "title": "Trans Dark",
                "color": "#FFFFFF1A"
            },
            {
                "_id": "948257c",
                "title": "Trans White",
                "color": "#7D87A438"
            },
            {
                "_id": "bdf6d13",
                "title": "Transparant",
                "color": "#02010100"
            },
            {
                "_id": "e6fb36e",
                "title": "Bg Ungu",
                "color": "#7D87A4"
            },
            {
                "_id": "5d7f9b2",
                "title": "Trans vio",
                "color": "#7D87A49C"
            },
            {
                "_id": "fee23db",
                "title": "White Trans",
                "color": "#FFFFFF70"
            }
        ],
        "system_typography": [
            {
                "_id": "primary",
                "title": "H1",
                "typography_typography": "custom",
                "typography_font_family": "Signika Negative",
                "typography_font_weight": "700",
                "typography_font_size": {
                    "unit": "em",
                    "size": 4.3,
                    "sizes": []
                },
                "typography_font_size_tablet": {
                    "unit": "em",
                    "size": 3,
                    "sizes": []
                },
                "typography_font_size_mobile": {
                    "unit": "em",
                    "size": 2.5,
                    "sizes": []
                }
            },
            {
                "_id": "secondary",
                "title": "H2",
                "typography_typography": "custom",
                "typography_font_family": "Signika Negative",
                "typography_font_weight": "700",
                "typography_font_size": {
                    "unit": "em",
                    "size": 3,
                    "sizes": []
                },
                "typography_font_size_tablet": {
                    "unit": "em",
                    "size": 2.2,
                    "sizes": []
                },
                "typography_font_size_mobile": {
                    "unit": "em",
                    "size": 1.9,
                    "sizes": []
                }
            },
            {
                "_id": "text",
                "title": "Text",
                "typography_typography": "custom",
                "typography_font_family": "Roboto",
                "typography_font_weight": "400"
            },
            {
                "_id": "accent",
                "title": "H3",
                "typography_typography": "custom",
                "typography_font_family": "Signika Negative",
                "typography_font_weight": "600",
                "typography_font_size": {
                    "unit": "em",
                    "size": 1.5,
                    "sizes": []
                },
                "typography_font_size_tablet": {
                    "unit": "em",
                    "size": 1.2,
                    "sizes": []
                }
            }
        ],
        "custom_typography": [
            {
                "_id": "60262f2",
                "title": "H4",
                "typography_typography": "custom",
                "typography_font_family": "Signika Negative",
                "typography_font_size": {
                    "unit": "em",
                    "size": 1.3,
                    "sizes": []
                },
                "typography_font_weight": "600"
            },
            {
                "_id": "8047c2f",
                "title": "H5",
                "typography_typography": "custom",
                "typography_font_family": "Signika Negative",
                "typography_font_size": {
                    "unit": "em",
                    "size": 1.2,
                    "sizes": []
                },
                "typography_font_weight": "600"
            },
            {
                "_id": "cde3505",
                "title": "H6",
                "typography_typography": "custom",
                "typography_font_family": "Signika Negative",
                "typography_font_size": {
                    "unit": "em",
                    "size": 1,
                    "sizes": []
                },
                "typography_font_weight": "600"
            },
            {
                "typography_typography": "custom",
                "typography_font_family": "Signika Negative",
                "typography_font_size": {
                    "unit": "em",
                    "size": 4.3,
                    "sizes": []
                },
                "typography_font_size_tablet": {
                    "unit": "em",
                    "size": 2.8,
                    "sizes": []
                },
                "typography_font_size_mobile": {
                    "unit": "em",
                    "size": 2.5,
                    "sizes": []
                },
                "typography_font_weight": "700",
                "_id": "52590a3",
                "title": "Number Price"
            },
            {
                "typography_typography": "custom",
                "typography_font_family": "Signika Negative",
                "typography_font_size": {
                    "unit": "em",
                    "size": 10,
                    "sizes": []
                },
                "typography_font_size_tablet": {
                    "unit": "em",
                    "size": 8,
                    "sizes": []
                },
                "typography_font_size_mobile": {
                    "unit": "em",
                    "size": 6,
                    "sizes": []
                },
                "typography_font_weight": "700",
                "_id": "79ace3e",
                "title": "404",
                "typography_line_height": {
                    "unit": "px",
                    "size": 100,
                    "sizes": []
                }
            }
        ],
        "default_generic_fonts": "Sans-serif",
        "page_title_selector": "h1.entry-title",
        "hello_footer_copyright_text": "All rights reserved",
        "activeItemIndex": 1,
        "viewport_md": 768,
        "viewport_lg": 1025,
        "button_border_radius": {
            "unit": "px",
            "top": "30",
            "right": "30",
            "bottom": "30",
            "left": "30",
            "isLinked": true
        },
        "button_padding": {
            "unit": "px",
            "top": "20",
            "right": "40",
            "bottom": "20",
            "left": "42",
            "isLinked": false
        },
        "__globals__": {
            "body_color": "globals\/colors?id=text",
            "body_typography_typography": "globals\/typography?id=text",
            "link_normal_color": "globals\/colors?id=text",
            "h1_color": "globals\/colors?id=primary",
            "h1_typography_typography": "globals\/typography?id=primary",
            "h2_color": "globals\/colors?id=primary",
            "h2_typography_typography": "globals\/typography?id=secondary",
            "h3_color": "globals\/colors?id=primary",
            "h3_typography_typography": "globals\/typography?id=accent",
            "h4_color": "globals\/colors?id=primary",
            "h4_typography_typography": "globals\/typography?id=60262f2",
            "h5_color": "globals\/colors?id=primary",
            "h5_typography_typography": "globals\/typography?id=8047c2f",
            "h6_color": "globals\/colors?id=primary",
            "h6_typography_typography": "globals\/typography?id=cde3505",
            "button_typography_typography": "globals\/typography?id=text",
            "button_text_color": "globals\/colors?id=5850571",
            "button_background_color": "globals\/colors?id=accent"
        }
    }
}