{
    "version": "0.4",
    "title": "Header",
    "type": "section",
    "metadata": {
        "template_type": "section-header",
        "include_in_zip": "1",
        "elementor_pro_required": null,
        "wp_page_template": "elementor_canvas"
    },
    "content": [
        {
            "id": "37614d6e",
            "settings": {
                "background_background": "classic",
                "margin": {
                    "unit": "px",
                    "top": "0",
                    "right": 0,
                    "bottom": "0",
                    "left": 0,
                    "isLinked": false
                },
                "padding": {
                    "unit": "px",
                    "top": "20",
                    "right": "0",
                    "bottom": "0",
                    "left": "0",
                    "isLinked": false
                },
                "padding_tablet": {
                    "unit": "px",
                    "top": "20",
                    "right": "30",
                    "bottom": "0",
                    "left": "30",
                    "isLinked": false
                },
                "padding_mobile": {
                    "unit": "px",
                    "top": "20",
                    "right": "20",
                    "bottom": "0",
                    "left": "20",
                    "isLinked": false
                },
                "z_index": 1,
                "__globals__": {
                    "background_color": "globals\/colors?id=e6fb36e"
                }
            },
            "elements": [
                {
                    "id": "6691f303",
                    "settings": {
                        "_column_size": 100,
                        "_inline_size": null,
                        "margin": {
                            "unit": "px",
                            "top": "0",
                            "right": "0",
                            "bottom": "0",
                            "left": "0",
                            "isLinked": false
                        },
                        "padding": {
                            "unit": "px",
                            "top": "0",
                            "right": "0",
                            "bottom": "0",
                            "left": "0",
                            "isLinked": false
                        }
                    },
                    "elements": [
                        {
                            "id": "4c677ed5",
                            "settings": {
                                "view": "inline",
                                "icon_list": [
                                    {
                                        "text": "(+655) 876 544",
                                        "selected_icon": {
                                            "value": "fas fa-phone-alt",
                                            "library": "fa-solid"
                                        },
                                        "_id": "220c867"
                                    },
                                    {
                                        "text": "mail@kidstera.id",
                                        "selected_icon": {
                                            "value": "fas fa-envelope-open-text",
                                            "library": "fa-solid"
                                        },
                                        "_id": "ddbe6fc"
                                    },
                                    {
                                        "text": "London Eye, London",
                                        "selected_icon": {
                                            "value": "fas fa-map-marker-alt",
                                            "library": "fa-solid"
                                        },
                                        "_id": "a49d74b"
                                    }
                                ],
                                "space_between": {
                                    "unit": "px",
                                    "size": 40,
                                    "sizes": []
                                },
                                "space_between_mobile": {
                                    "unit": "px",
                                    "size": 21,
                                    "sizes": []
                                },
                                "icon_align": "center",
                                "__globals__": {
                                    "icon_color": "globals\/colors?id=5850571",
                                    "text_color": "globals\/colors?id=5850571"
                                }
                            },
                            "elements": [],
                            "isInner": false,
                            "widgetType": "icon-list",
                            "elType": "widget"
                        },
                        {
                            "id": "13cfcfb9",
                            "settings": {
                                "structure": "30",
                                "background_background": "classic",
                                "border_radius": {
                                    "unit": "px",
                                    "top": "50",
                                    "right": "50",
                                    "bottom": "50",
                                    "left": "50",
                                    "isLinked": true
                                },
                                "margin": {
                                    "unit": "px",
                                    "top": "0",
                                    "right": 0,
                                    "bottom": "-54",
                                    "left": 0,
                                    "isLinked": false
                                },
                                "margin_mobile": {
                                    "unit": "px",
                                    "top": "0",
                                    "right": 0,
                                    "bottom": "-43",
                                    "left": 0,
                                    "isLinked": false
                                },
                                "padding": {
                                    "unit": "px",
                                    "top": "22",
                                    "right": "30",
                                    "bottom": "22",
                                    "left": "30",
                                    "isLinked": false
                                },
                                "padding_mobile": {
                                    "unit": "px",
                                    "top": "20",
                                    "right": "20",
                                    "bottom": "20",
                                    "left": "20",
                                    "isLinked": false
                                },
                                "z_index": 2,
                                "__globals__": {
                                    "background_color": "globals\/colors?id=5850571"
                                }
                            },
                            "elements": [
                                {
                                    "id": "79e1045e",
                                    "settings": {
                                        "_column_size": 33,
                                        "_inline_size": 20.184,
                                        "_inline_size_mobile": 50,
                                        "content_position": "center",
                                        "margin": {
                                            "unit": "px",
                                            "top": "0",
                                            "right": "0",
                                            "bottom": "0",
                                            "left": "0",
                                            "isLinked": false
                                        },
                                        "padding": {
                                            "unit": "px",
                                            "top": "0",
                                            "right": "0",
                                            "bottom": "0",
                                            "left": "0",
                                            "isLinked": false
                                        }
                                    },
                                    "elements": [
                                        {
                                            "id": "1efb434b",
                                            "settings": {
                                                "image": {
                                                    "url": "https:\/\/kitpro.site\/kidstera\/wp-content\/uploads\/sites\/172\/2023\/06\/Logo-Kidstera-01.png",
                                                    "id": 767,
                                                    "size": "",
                                                    "alt": "",
                                                    "source": "library"
                                                },
                                                "align": "left",
                                                "width": {
                                                    "unit": "%",
                                                    "size": 65,
                                                    "sizes": []
                                                },
                                                "width_tablet": {
                                                    "unit": "%",
                                                    "size": 100,
                                                    "sizes": []
                                                },
                                                "width_mobile": {
                                                    "unit": "%",
                                                    "size": 82,
                                                    "sizes": []
                                                },
                                                "_margin": {
                                                    "unit": "px",
                                                    "top": "-15",
                                                    "right": "0",
                                                    "bottom": "0",
                                                    "left": "0",
                                                    "isLinked": false
                                                }
                                            },
                                            "elements": [],
                                            "isInner": false,
                                            "widgetType": "image",
                                            "elType": "widget"
                                        }
                                    ],
                                    "isInner": true,
                                    "elType": "column"
                                },
                                {
                                    "id": "4334504c",
                                    "settings": {
                                        "_column_size": 33,
                                        "_inline_size": 67.351,
                                        "_inline_size_mobile": 50,
                                        "content_position": "center",
                                        "margin": {
                                            "unit": "px",
                                            "top": "0",
                                            "right": "0",
                                            "bottom": "0",
                                            "left": "0",
                                            "isLinked": false
                                        },
                                        "padding": {
                                            "unit": "px",
                                            "top": "0",
                                            "right": "0",
                                            "bottom": "0",
                                            "left": "0",
                                            "isLinked": false
                                        }
                                    },
                                    "elements": [
                                        {
                                            "id": "567092a0",
                                            "settings": {
                                                "navmenu_align": "justify",
                                                "resp_align": "right",
                                                "color_menu_item": "#5E667A",
                                                "dropdown_border_border": "solid",
                                                "dropdown_border_width_tablet": {
                                                    "unit": "px",
                                                    "top": "10",
                                                    "right": "10",
                                                    "bottom": "10",
                                                    "left": "10",
                                                    "isLinked": true
                                                },
                                                "dropdown_border_radius_tablet": {
                                                    "unit": "px",
                                                    "top": "30",
                                                    "right": "30",
                                                    "bottom": "30",
                                                    "left": "30",
                                                    "isLinked": true
                                                },
                                                "dropdown_divider_width": {
                                                    "unit": "px",
                                                    "size": 0,
                                                    "sizes": []
                                                },
                                                "toggle_color": "#5E667A",
                                                "__globals__": {
                                                    "color_menu_item": "globals\/colors?id=primary",
                                                    "toggle_color": "globals\/colors?id=primary",
                                                    "bg_color_menu_item": "",
                                                    "background_color_dropdown_item": "globals\/colors?id=e6fb36e",
                                                    "color_dropdown_item": "globals\/colors?id=5850571",
                                                    "dropdown_border_color": "globals\/colors?id=bdf6d13",
                                                    "background_color_dropdown_item_hover": "globals\/colors?id=5850571",
                                                    "color_dropdown_item_hover": "globals\/colors?id=primary"
                                                },
                                                "menu": "menu"
                                            },
                                            "elements": [],
                                            "isInner": false,
                                            "widgetType": "navigation-menu",
                                            "elType": "widget"
                                        }
                                    ],
                                    "isInner": true,
                                    "elType": "column"
                                },
                                {
                                    "id": "69bb781a",
                                    "settings": {
                                        "_column_size": 33,
                                        "_inline_size": 11.737,
                                        "content_position": "center",
                                        "margin": {
                                            "unit": "px",
                                            "top": "0",
                                            "right": "0",
                                            "bottom": "0",
                                            "left": "0",
                                            "isLinked": false
                                        },
                                        "padding": {
                                            "unit": "px",
                                            "top": "0",
                                            "right": "0",
                                            "bottom": "0",
                                            "left": "50",
                                            "isLinked": false
                                        },
                                        "padding_tablet": {
                                            "unit": "px",
                                            "top": "0",
                                            "right": "0",
                                            "bottom": "0",
                                            "left": "0",
                                            "isLinked": false
                                        },
                                        "hide_mobile": "hidden-mobile"
                                    },
                                    "elements": [
                                        {
                                            "id": "1e6ed89a",
                                            "settings": {
                                                "ekit_search_placeholder_text": "Search...",
                                                "ekit_search_icons": {
                                                    "value": "fas fa-search",
                                                    "library": "fa-solid"
                                                },
                                                "ekit_search_icon_text_align": "right",
                                                "__globals__": {
                                                    "ekit_searech_icon_color": "globals\/colors?id=primary"
                                                }
                                            },
                                            "elements": [],
                                            "isInner": false,
                                            "widgetType": "elementskit-header-search",
                                            "elType": "widget"
                                        }
                                    ],
                                    "isInner": true,
                                    "elType": "column"
                                }
                            ],
                            "isInner": true,
                            "elType": "section"
                        }
                    ],
                    "isInner": false,
                    "elType": "column"
                }
            ],
            "isInner": false,
            "elType": "section"
        }
    ]
}