{
    "version": "0.4",
    "title": "Appointment",
    "type": "page",
    "metadata": {
        "template_type": "single-page",
        "include_in_zip": "1",
        "elementor_pro_required": "1",
        "wp_page_template": "elementor_header_footer"
    },
    "content": [
        {
            "id": "439d146f",
            "settings": {
                "background_background": "classic",
                "background_gradient_angle": {
                    "unit": "deg",
                    "size": 135,
                    "sizes": []
                },
                "background_overlay_background": "gradient",
                "background_overlay_image": {
                    "url": "",
                    "id": "",
                    "alt": "Reading the business news",
                    "source": "library"
                },
                "background_overlay_position": "center center",
                "background_overlay_repeat": "no-repeat",
                "background_overlay_size": "cover",
                "background_overlay_opacity": {
                    "unit": "px",
                    "size": 1,
                    "sizes": []
                },
                "padding": {
                    "unit": "%",
                    "top": "7",
                    "right": "0",
                    "bottom": "0",
                    "left": "0",
                    "isLinked": false
                },
                "padding_tablet": {
                    "unit": "em",
                    "top": "7",
                    "right": "0",
                    "bottom": "0",
                    "left": "0",
                    "isLinked": false
                },
                "padding_mobile": {
                    "unit": "em",
                    "top": "",
                    "right": "",
                    "bottom": "",
                    "left": "",
                    "isLinked": true
                },
                "__globals__": {
                    "background_color": "",
                    "background_color_b": "globals\/colors?id=639e8dd",
                    "background_overlay_color": "globals\/colors?id=bb890b8",
                    "background_overlay_color_b": ""
                },
                "background_color_b": "#4866BC",
                "background_image": {
                    "url": "https:\/\/newkit.moxcreative.com\/mentheer\/wp-content\/uploads\/sites\/31\/2022\/09\/senior-psychologist-consulting-patient.jpg",
                    "id": 446,
                    "alt": "Senior Psychologist Consulting Patient",
                    "source": "library"
                },
                "background_position": "top center",
                "background_repeat": "no-repeat",
                "background_size": "cover",
                "background_overlay_color": "#653399",
                "background_overlay_color_stop": {
                    "unit": "%",
                    "size": 20,
                    "sizes": []
                },
                "background_overlay_color_b": "#4866BC2B",
                "background_overlay_gradient_angle": {
                    "unit": "deg",
                    "size": 135,
                    "sizes": []
                },
                "shape_divider_bottom": "waves",
                "shape_divider_bottom_width": {
                    "unit": "%",
                    "size": 150,
                    "sizes": []
                },
                "shape_divider_bottom_width_mobile": {
                    "unit": "%",
                    "size": 100,
                    "sizes": []
                },
                "shape_divider_bottom_height": {
                    "unit": "px",
                    "size": 115,
                    "sizes": []
                },
                "shape_divider_bottom_height_tablet": {
                    "unit": "px",
                    "size": 65,
                    "sizes": []
                },
                "shape_divider_bottom_height_mobile": {
                    "unit": "px",
                    "size": 35,
                    "sizes": []
                }
            },
            "elements": [
                {
                    "id": "3e7aa960",
                    "settings": {
                        "_column_size": 100,
                        "_inline_size": null,
                        "padding": {
                            "unit": "px",
                            "top": "0",
                            "right": "0",
                            "bottom": "0",
                            "left": "0",
                            "isLinked": false
                        }
                    },
                    "elements": [
                        {
                            "id": "3b03b61",
                            "settings": {
                                "content_width": {
                                    "unit": "px",
                                    "size": 720,
                                    "sizes": []
                                },
                                "padding": {
                                    "unit": "em",
                                    "top": "5",
                                    "right": "0",
                                    "bottom": "10",
                                    "left": "0",
                                    "isLinked": false
                                },
                                "padding_tablet": {
                                    "unit": "em",
                                    "top": "3",
                                    "right": "0",
                                    "bottom": "3",
                                    "left": "0",
                                    "isLinked": false
                                },
                                "padding_mobile": {
                                    "unit": "em",
                                    "top": "2",
                                    "right": "0",
                                    "bottom": "2",
                                    "left": "0",
                                    "isLinked": false
                                }
                            },
                            "elements": [
                                {
                                    "id": "293918d4",
                                    "settings": {
                                        "_column_size": 100,
                                        "_inline_size": null,
                                        "padding": {
                                            "unit": "em",
                                            "top": "2",
                                            "right": "2",
                                            "bottom": "2",
                                            "left": "2",
                                            "isLinked": true
                                        },
                                        "padding_tablet": {
                                            "unit": "em",
                                            "top": "",
                                            "right": "",
                                            "bottom": "",
                                            "left": "",
                                            "isLinked": true
                                        },
                                        "padding_mobile": {
                                            "unit": "em",
                                            "top": "",
                                            "right": "",
                                            "bottom": "",
                                            "left": "",
                                            "isLinked": true
                                        }
                                    },
                                    "elements": [
                                        {
                                            "id": "41c5fc95",
                                            "settings": {
                                                "title": "Blog",
                                                "header_size": "h1",
                                                "align": "center",
                                                "_animation": "fadeInUp",
                                                "__globals__": {
                                                    "title_color": "globals\/colors?id=text"
                                                },
                                                "__dynamic__": {
                                                    "title": "[elementor-tag id=\"ca2d7c8\" name=\"post-title\" settings=\"%7B%7D\"]"
                                                }
                                            },
                                            "elements": [],
                                            "isInner": false,
                                            "widgetType": "heading",
                                            "elType": "widget"
                                        },
                                        {
                                            "id": "2be6ecac",
                                            "settings": {
                                                "title": "A healthier choice for a healthier you.\n",
                                                "header_size": "h3",
                                                "align": "center",
                                                "_animation": "fadeInDown",
                                                "animation_duration": "slow",
                                                "_animation_delay": 200,
                                                "__dynamic__": [],
                                                "__globals__": {
                                                    "title_color": "globals\/colors?id=text"
                                                }
                                            },
                                            "elements": [],
                                            "isInner": false,
                                            "widgetType": "heading",
                                            "elType": "widget"
                                        }
                                    ],
                                    "isInner": true,
                                    "elType": "column"
                                }
                            ],
                            "isInner": true,
                            "elType": "section"
                        }
                    ],
                    "isInner": false,
                    "elType": "column"
                }
            ],
            "isInner": false,
            "elType": "section"
        },
        {
            "id": "265b5a26",
            "settings": {
                "content_position": "middle",
                "structure": "20",
                "background_background": "classic",
                "background_image": {
                    "url": "https:\/\/newkit.moxcreative.com\/mentheer\/wp-content\/uploads\/sites\/31\/2022\/09\/bg_pattern.png",
                    "id": 193,
                    "alt": "",
                    "source": "library"
                },
                "background_overlay_background": "gradient",
                "background_overlay_color": "#FFFFFFCC",
                "background_overlay_color_b": "#FFFFFF",
                "background_overlay_color_b_stop": {
                    "unit": "%",
                    "size": 75,
                    "sizes": []
                },
                "background_overlay_gradient_type": "radial",
                "background_overlay_gradient_position": "bottom left",
                "background_overlay_opacity": {
                    "unit": "px",
                    "size": 1,
                    "sizes": []
                },
                "padding": {
                    "unit": "em",
                    "top": "7",
                    "right": "0",
                    "bottom": "7",
                    "left": "0",
                    "isLinked": false
                },
                "padding_tablet": {
                    "unit": "em",
                    "top": "3",
                    "right": "0",
                    "bottom": "3",
                    "left": "0",
                    "isLinked": false
                },
                "padding_mobile": {
                    "unit": "em",
                    "top": "0",
                    "right": "0",
                    "bottom": "2",
                    "left": "0",
                    "isLinked": false
                },
                "__globals__": {
                    "background_overlay_color": "",
                    "background_overlay_color_b": "globals\/colors?id=text"
                }
            },
            "elements": [
                {
                    "id": "7e73b127",
                    "settings": {
                        "_column_size": 50,
                        "_inline_size": 50,
                        "padding": {
                            "unit": "em",
                            "top": "4",
                            "right": "7",
                            "bottom": "4",
                            "left": "1",
                            "isLinked": false
                        },
                        "padding_tablet": {
                            "unit": "em",
                            "top": "2",
                            "right": "2",
                            "bottom": "2",
                            "left": "2",
                            "isLinked": true
                        },
                        "padding_mobile": {
                            "unit": "em",
                            "top": "",
                            "right": "",
                            "bottom": "",
                            "left": "",
                            "isLinked": true
                        },
                        "animation": "fadeInLeft"
                    },
                    "elements": [
                        {
                            "id": "66270fda",
                            "settings": {
                                "title": "We want you to get the care you deserve."
                            },
                            "elements": [],
                            "isInner": false,
                            "widgetType": "heading",
                            "elType": "widget"
                        },
                        {
                            "id": "7c1dbdb9",
                            "settings": [],
                            "elements": [],
                            "isInner": false,
                            "widgetType": "text-editor",
                            "elType": "widget"
                        },
                        {
                            "id": "4f264f97",
                            "settings": {
                                "selected_icon": {
                                    "value": "icons icon-check",
                                    "library": "skb_cife-simple_line-icon"
                                },
                                "title_text": "Certified Expert",
                                "description_text": "Tempus tempor quisque odio dolor vel per cras nostra integer",
                                "position": "left",
                                "position_mobile": "left",
                                "title_size": "div",
                                "icon_space": {
                                    "unit": "px",
                                    "size": 21,
                                    "sizes": []
                                },
                                "icon_space_mobile": {
                                    "unit": "px",
                                    "size": 14,
                                    "sizes": []
                                },
                                "icon_size": {
                                    "unit": "px",
                                    "size": 49,
                                    "sizes": []
                                },
                                "icon_size_mobile": {
                                    "unit": "px",
                                    "size": 42,
                                    "sizes": []
                                },
                                "title_bottom_space": {
                                    "unit": "px",
                                    "size": 7,
                                    "sizes": []
                                },
                                "__globals__": {
                                    "primary_color": "globals\/colors?id=bb890b8",
                                    "title_typography_typography": "globals\/typography?id=83682a1"
                                }
                            },
                            "elements": [],
                            "isInner": false,
                            "widgetType": "icon-box",
                            "elType": "widget"
                        },
                        {
                            "id": "3257640f",
                            "settings": {
                                "selected_icon": {
                                    "value": "icons icon-check",
                                    "library": "skb_cife-simple_line-icon"
                                },
                                "title_text": "Transforming mental healthcare",
                                "description_text": "Tempus tempor quisque odio dolor vel per cras nostra integer",
                                "position": "left",
                                "position_mobile": "left",
                                "title_size": "div",
                                "icon_space": {
                                    "unit": "px",
                                    "size": 21,
                                    "sizes": []
                                },
                                "icon_space_mobile": {
                                    "unit": "px",
                                    "size": 14,
                                    "sizes": []
                                },
                                "icon_size": {
                                    "unit": "px",
                                    "size": 49,
                                    "sizes": []
                                },
                                "icon_size_mobile": {
                                    "unit": "px",
                                    "size": 42,
                                    "sizes": []
                                },
                                "title_bottom_space": {
                                    "unit": "px",
                                    "size": 7,
                                    "sizes": []
                                },
                                "__globals__": {
                                    "primary_color": "globals\/colors?id=bb890b8",
                                    "title_typography_typography": "globals\/typography?id=83682a1"
                                }
                            },
                            "elements": [],
                            "isInner": false,
                            "widgetType": "icon-box",
                            "elType": "widget"
                        },
                        {
                            "id": "62d3b57b",
                            "settings": {
                                "selected_icon": {
                                    "value": "icons icon-check",
                                    "library": "skb_cife-simple_line-icon"
                                },
                                "title_text": "A modern approach",
                                "description_text": "Tempus tempor quisque odio dolor vel per cras nostra integer",
                                "position": "left",
                                "position_mobile": "left",
                                "title_size": "div",
                                "icon_space": {
                                    "unit": "px",
                                    "size": 21,
                                    "sizes": []
                                },
                                "icon_space_mobile": {
                                    "unit": "px",
                                    "size": 14,
                                    "sizes": []
                                },
                                "icon_size": {
                                    "unit": "px",
                                    "size": 49,
                                    "sizes": []
                                },
                                "icon_size_mobile": {
                                    "unit": "px",
                                    "size": 42,
                                    "sizes": []
                                },
                                "title_bottom_space": {
                                    "unit": "px",
                                    "size": 7,
                                    "sizes": []
                                },
                                "__globals__": {
                                    "primary_color": "globals\/colors?id=bb890b8",
                                    "title_typography_typography": "globals\/typography?id=83682a1"
                                }
                            },
                            "elements": [],
                            "isInner": false,
                            "widgetType": "icon-box",
                            "elType": "widget"
                        }
                    ],
                    "isInner": false,
                    "elType": "column"
                },
                {
                    "id": "15fe437f",
                    "settings": {
                        "_column_size": 50,
                        "_inline_size": 50,
                        "animation": "fadeInRight"
                    },
                    "elements": [
                        {
                            "id": "5d9f01ca",
                            "settings": {
                                "image": {
                                    "url": "https:\/\/newkit.moxcreative.com\/mentheer\/wp-content\/uploads\/sites\/31\/2022\/09\/counselor-with-men-and-women-sitting-in-circle-during-group-therapy-looking-at-camera.jpg",
                                    "id": 85,
                                    "alt": "Counselor with men and women sitting in circle during group therapy, looking at camera",
                                    "source": "library"
                                },
                                "image_size": "full",
                                "width": {
                                    "unit": "%",
                                    "size": 100,
                                    "sizes": []
                                },
                                "height": {
                                    "unit": "px",
                                    "size": 600,
                                    "sizes": []
                                },
                                "height_mobile": {
                                    "unit": "px",
                                    "size": 225,
                                    "sizes": []
                                },
                                "object-fit": "cover",
                                "image_border_radius": {
                                    "unit": "px",
                                    "top": "10",
                                    "right": "10",
                                    "bottom": "10",
                                    "left": "10",
                                    "isLinked": true
                                }
                            },
                            "elements": [],
                            "isInner": false,
                            "widgetType": "image",
                            "elType": "widget"
                        },
                        {
                            "id": "20998f8c",
                            "settings": {
                                "ending_number": 15,
                                "suffix": "+",
                                "title": "Years Experience",
                                "_padding": {
                                    "unit": "em",
                                    "top": "3",
                                    "right": "1",
                                    "bottom": "3",
                                    "left": "1",
                                    "isLinked": false
                                },
                                "_padding_tablet": {
                                    "unit": "em",
                                    "top": "",
                                    "right": "",
                                    "bottom": "",
                                    "left": "",
                                    "isLinked": true
                                },
                                "_padding_mobile": {
                                    "unit": "em",
                                    "top": "3",
                                    "right": "1",
                                    "bottom": "3",
                                    "left": "1",
                                    "isLinked": false
                                },
                                "_element_width": "initial",
                                "_element_custom_width": {
                                    "unit": "px",
                                    "size": 225,
                                    "sizes": []
                                },
                                "_element_custom_width_tablet": {
                                    "unit": "px",
                                    "size": 195,
                                    "sizes": []
                                },
                                "_element_custom_width_mobile": {
                                    "unit": "px",
                                    "size": 155,
                                    "sizes": []
                                },
                                "_element_vertical_align": "center",
                                "_position": "absolute",
                                "_offset_orientation_h": "end",
                                "_offset_orientation_v": "end",
                                "_background_background": "classic",
                                "_border_radius": {
                                    "unit": "%",
                                    "top": "50",
                                    "right": "50",
                                    "bottom": "50",
                                    "left": "50",
                                    "isLinked": true
                                },
                                "_border_radius_tablet": {
                                    "unit": "%",
                                    "top": "",
                                    "right": "",
                                    "bottom": "",
                                    "left": "",
                                    "isLinked": true
                                },
                                "_border_radius_mobile": {
                                    "unit": "%",
                                    "top": "",
                                    "right": "",
                                    "bottom": "",
                                    "left": "",
                                    "isLinked": true
                                },
                                "_box_shadow_box_shadow_type": "yes",
                                "_box_shadow_box_shadow": {
                                    "horizontal": 0,
                                    "vertical": 30,
                                    "blur": 60,
                                    "spread": 0,
                                    "color": "rgba(0, 0, 0, 0.1)"
                                },
                                "__globals__": {
                                    "number_color": "globals\/colors?id=d49ac81",
                                    "typography_number_typography": "globals\/typography?id=a435f28",
                                    "typography_title_typography": "globals\/typography?id=7044a64",
                                    "_background_color": "globals\/colors?id=text"
                                }
                            },
                            "elements": [],
                            "isInner": false,
                            "widgetType": "counter",
                            "elType": "widget"
                        }
                    ],
                    "isInner": false,
                    "elType": "column"
                }
            ],
            "isInner": false,
            "elType": "section"
        },
        {
            "id": "490870c2",
            "settings": {
                "content_width": {
                    "unit": "px",
                    "size": 720,
                    "sizes": []
                },
                "background_background": "gradient",
                "background_gradient_angle": {
                    "unit": "deg",
                    "size": 135,
                    "sizes": []
                },
                "background_overlay_background": "classic",
                "background_overlay_image": {
                    "url": "https:\/\/newkit.moxcreative.com\/mentheer\/wp-content\/uploads\/sites\/31\/2022\/09\/successful-psychologist-at-office.jpg",
                    "id": 436,
                    "alt": "Successful psychologist at office",
                    "source": "library"
                },
                "background_overlay_position": "top center",
                "background_overlay_repeat": "no-repeat",
                "background_overlay_size": "cover",
                "background_overlay_opacity": {
                    "unit": "px",
                    "size": 0.1000000000000000055511151231257827021181583404541015625,
                    "sizes": []
                },
                "padding": {
                    "unit": "em",
                    "top": "7",
                    "right": "0",
                    "bottom": "10",
                    "left": "0",
                    "isLinked": false
                },
                "padding_tablet": {
                    "unit": "em",
                    "top": "1",
                    "right": "0",
                    "bottom": "10",
                    "left": "0",
                    "isLinked": false
                },
                "padding_mobile": {
                    "unit": "em",
                    "top": "",
                    "right": "",
                    "bottom": "",
                    "left": "",
                    "isLinked": true
                },
                "__globals__": {
                    "background_color": "globals\/colors?id=bb890b8",
                    "background_color_b": "globals\/colors?id=639e8dd"
                }
            },
            "elements": [
                {
                    "id": "7c0b6eef",
                    "settings": {
                        "_column_size": 100,
                        "_inline_size": null,
                        "padding": {
                            "unit": "em",
                            "top": "2",
                            "right": "2",
                            "bottom": "2",
                            "left": "2",
                            "isLinked": true
                        },
                        "padding_tablet": {
                            "unit": "em",
                            "top": "",
                            "right": "",
                            "bottom": "",
                            "left": "",
                            "isLinked": true
                        },
                        "padding_mobile": {
                            "unit": "em",
                            "top": "",
                            "right": "",
                            "bottom": "",
                            "left": "",
                            "isLinked": true
                        },
                        "animation": "fadeInUp"
                    },
                    "elements": [
                        {
                            "id": "70bfc1c6",
                            "settings": {
                                "title": "Get a quote",
                                "header_size": "h6",
                                "align": "center",
                                "__globals__": {
                                    "title_color": "globals\/colors?id=text"
                                }
                            },
                            "elements": [],
                            "isInner": false,
                            "widgetType": "heading",
                            "elType": "widget"
                        },
                        {
                            "id": "225c5f14",
                            "settings": {
                                "title": "Get treatment for all your mental healthcare needs.",
                                "align": "center",
                                "__globals__": {
                                    "title_color": "globals\/colors?id=text"
                                }
                            },
                            "elements": [],
                            "isInner": false,
                            "widgetType": "heading",
                            "elType": "widget"
                        },
                        {
                            "id": "785ed4e0",
                            "settings": {
                                "align": "center",
                                "__globals__": {
                                    "text_color": "globals\/colors?id=text"
                                }
                            },
                            "elements": [],
                            "isInner": false,
                            "widgetType": "text-editor",
                            "elType": "widget"
                        }
                    ],
                    "isInner": false,
                    "elType": "column"
                }
            ],
            "isInner": false,
            "elType": "section"
        },
        {
            "id": "7d821ea",
            "settings": {
                "background_background": "classic",
                "background_image": {
                    "url": "https:\/\/newkit.moxcreative.com\/mentheer\/wp-content\/uploads\/sites\/31\/2022\/09\/bg_pattern.png",
                    "id": 193,
                    "alt": "",
                    "source": "library"
                },
                "background_overlay_background": "gradient",
                "background_overlay_color": "#FFFFFFCC",
                "background_overlay_color_b": "#FFFFFF",
                "background_overlay_color_b_stop": {
                    "unit": "%",
                    "size": 75,
                    "sizes": []
                },
                "background_overlay_gradient_type": "radial",
                "background_overlay_gradient_position": "top center",
                "background_overlay_opacity": {
                    "unit": "px",
                    "size": 1,
                    "sizes": []
                },
                "padding": {
                    "unit": "em",
                    "top": "0",
                    "right": "0",
                    "bottom": "5",
                    "left": "0",
                    "isLinked": false
                },
                "padding_tablet": {
                    "unit": "em",
                    "top": "0",
                    "right": "1",
                    "bottom": "3",
                    "left": "1",
                    "isLinked": false
                },
                "padding_mobile": {
                    "unit": "em",
                    "top": "",
                    "right": "",
                    "bottom": "",
                    "left": "",
                    "isLinked": true
                },
                "__globals__": {
                    "background_overlay_color": "",
                    "background_overlay_color_b": "globals\/colors?id=text"
                }
            },
            "elements": [
                {
                    "id": "20685db4",
                    "settings": {
                        "_column_size": 100,
                        "_inline_size": null,
                        "margin": {
                            "unit": "em",
                            "top": "-10",
                            "right": "0",
                            "bottom": "0",
                            "left": "0",
                            "isLinked": false
                        },
                        "margin_tablet": {
                            "unit": "em",
                            "top": "",
                            "right": "",
                            "bottom": "",
                            "left": "",
                            "isLinked": true
                        },
                        "margin_mobile": {
                            "unit": "em",
                            "top": "",
                            "right": "",
                            "bottom": "",
                            "left": "",
                            "isLinked": true
                        },
                        "padding": {
                            "unit": "px",
                            "top": "0",
                            "right": "0",
                            "bottom": "0",
                            "left": "0",
                            "isLinked": false
                        }
                    },
                    "elements": [
                        {
                            "id": "2eb9d029",
                            "settings": {
                                "content_position": "middle",
                                "overflow": "hidden",
                                "structure": "20",
                                "background_background": "classic",
                                "border_radius": {
                                    "unit": "px",
                                    "top": "10",
                                    "right": "10",
                                    "bottom": "10",
                                    "left": "10",
                                    "isLinked": true
                                },
                                "box_shadow_box_shadow_type": "yes",
                                "box_shadow_box_shadow": {
                                    "horizontal": 0,
                                    "vertical": 30,
                                    "blur": 60,
                                    "spread": 0,
                                    "color": "rgba(0, 0, 0, 0.1)"
                                },
                                "animation": "fadeIn",
                                "animation_delay": 200,
                                "__globals__": {
                                    "background_color": "globals\/colors?id=text"
                                }
                            },
                            "elements": [
                                {
                                    "id": "1dfa84ae",
                                    "settings": {
                                        "_column_size": 50,
                                        "_inline_size": 40,
                                        "background_background": "classic",
                                        "padding": {
                                            "unit": "em",
                                            "top": "4",
                                            "right": "4",
                                            "bottom": "4",
                                            "left": "4",
                                            "isLinked": true
                                        },
                                        "padding_tablet": {
                                            "unit": "em",
                                            "top": "2",
                                            "right": "2",
                                            "bottom": "2",
                                            "left": "2",
                                            "isLinked": true
                                        },
                                        "padding_mobile": {
                                            "unit": "em",
                                            "top": "",
                                            "right": "",
                                            "bottom": "",
                                            "left": "",
                                            "isLinked": true
                                        },
                                        "__globals__": {
                                            "background_color": "globals\/colors?id=cfa1f76"
                                        }
                                    },
                                    "elements": [
                                        {
                                            "id": "6d6e2116",
                                            "settings": {
                                                "title": "Need more help?\n"
                                            },
                                            "elements": [],
                                            "isInner": false,
                                            "widgetType": "heading",
                                            "elType": "widget"
                                        },
                                        {
                                            "id": "3978c993",
                                            "settings": {
                                                "editor": "<p>Consequat pede primis placerat senectus hac molestie et ultricies eros<\/p>"
                                            },
                                            "elements": [],
                                            "isInner": false,
                                            "widgetType": "text-editor",
                                            "elType": "widget"
                                        },
                                        {
                                            "id": "20cfd8b7",
                                            "settings": {
                                                "text": "Divider",
                                                "gap": {
                                                    "unit": "px",
                                                    "size": 3,
                                                    "sizes": []
                                                },
                                                "__globals__": {
                                                    "color": "globals\/colors?id=4d462f5"
                                                }
                                            },
                                            "elements": [],
                                            "isInner": false,
                                            "widgetType": "divider",
                                            "elType": "widget"
                                        },
                                        {
                                            "id": "321ed0ad",
                                            "settings": {
                                                "selected_icon": {
                                                    "value": "mdi mdi-headphones-settings",
                                                    "library": "skb_cife-materialdesign-icon"
                                                },
                                                "title_text": "Customer Service",
                                                "description_text": "888-7337-234\n\n",
                                                "position": "left",
                                                "position_mobile": "left",
                                                "title_size": "div",
                                                "icon_space": {
                                                    "unit": "px",
                                                    "size": 21,
                                                    "sizes": []
                                                },
                                                "icon_space_mobile": {
                                                    "unit": "px",
                                                    "size": 14,
                                                    "sizes": []
                                                },
                                                "icon_size": {
                                                    "unit": "px",
                                                    "size": 49,
                                                    "sizes": []
                                                },
                                                "__globals__": {
                                                    "primary_color": "globals\/colors?id=bb890b8",
                                                    "title_typography_typography": "globals\/typography?id=7044a64",
                                                    "description_typography_typography": "globals\/typography?id=d3dae9a"
                                                },
                                                "icon_space_tablet": {
                                                    "unit": "px",
                                                    "size": 14,
                                                    "sizes": []
                                                },
                                                "icon_size_tablet": {
                                                    "unit": "px",
                                                    "size": 42,
                                                    "sizes": []
                                                },
                                                "icon_size_mobile": {
                                                    "unit": "px",
                                                    "size": 35,
                                                    "sizes": []
                                                }
                                            },
                                            "elements": [],
                                            "isInner": false,
                                            "widgetType": "icon-box",
                                            "elType": "widget"
                                        },
                                        {
                                            "id": "76e6a774",
                                            "settings": {
                                                "selected_icon": {
                                                    "value": "mdi mdi-email-check-outline",
                                                    "library": "skb_cife-materialdesign-icon"
                                                },
                                                "title_text": "Ticket Support",
                                                "description_text": "Send Now!\n\n\n",
                                                "link": {
                                                    "url": "#",
                                                    "is_external": "",
                                                    "nofollow": "",
                                                    "custom_attributes": ""
                                                },
                                                "position": "left",
                                                "position_mobile": "left",
                                                "title_size": "div",
                                                "icon_space": {
                                                    "unit": "px",
                                                    "size": 21,
                                                    "sizes": []
                                                },
                                                "icon_space_mobile": {
                                                    "unit": "px",
                                                    "size": 14,
                                                    "sizes": []
                                                },
                                                "icon_size": {
                                                    "unit": "px",
                                                    "size": 49,
                                                    "sizes": []
                                                },
                                                "__globals__": {
                                                    "primary_color": "globals\/colors?id=bb890b8",
                                                    "title_typography_typography": "globals\/typography?id=7044a64",
                                                    "description_typography_typography": "globals\/typography?id=d3dae9a"
                                                },
                                                "icon_space_tablet": {
                                                    "unit": "px",
                                                    "size": 14,
                                                    "sizes": []
                                                },
                                                "icon_size_tablet": {
                                                    "unit": "px",
                                                    "size": 42,
                                                    "sizes": []
                                                },
                                                "icon_size_mobile": {
                                                    "unit": "px",
                                                    "size": 35,
                                                    "sizes": []
                                                }
                                            },
                                            "elements": [],
                                            "isInner": false,
                                            "widgetType": "icon-box",
                                            "elType": "widget"
                                        },
                                        {
                                            "id": "794b7a13",
                                            "settings": {
                                                "selected_icon": {
                                                    "value": "mdi mdi-clock-check-outline",
                                                    "library": "skb_cife-materialdesign-icon"
                                                },
                                                "title_text": "Opening Hours",
                                                "description_text": "Monday \u2013 Saturday <\/br>\n(10:30 AM \u2013 7:00 PM)\n\n",
                                                "position": "left",
                                                "position_mobile": "left",
                                                "title_size": "div",
                                                "icon_space": {
                                                    "unit": "px",
                                                    "size": 21,
                                                    "sizes": []
                                                },
                                                "icon_space_mobile": {
                                                    "unit": "px",
                                                    "size": 14,
                                                    "sizes": []
                                                },
                                                "icon_size": {
                                                    "unit": "px",
                                                    "size": 49,
                                                    "sizes": []
                                                },
                                                "__globals__": {
                                                    "primary_color": "globals\/colors?id=bb890b8",
                                                    "title_typography_typography": "globals\/typography?id=83682a1",
                                                    "description_typography_typography": "globals\/typography?id=b2ce6af"
                                                },
                                                "icon_space_tablet": {
                                                    "unit": "px",
                                                    "size": 14,
                                                    "sizes": []
                                                },
                                                "icon_size_tablet": {
                                                    "unit": "px",
                                                    "size": 42,
                                                    "sizes": []
                                                },
                                                "icon_size_mobile": {
                                                    "unit": "px",
                                                    "size": 35,
                                                    "sizes": []
                                                }
                                            },
                                            "elements": [],
                                            "isInner": false,
                                            "widgetType": "icon-box",
                                            "elType": "widget"
                                        }
                                    ],
                                    "isInner": true,
                                    "elType": "column"
                                },
                                {
                                    "id": "4481e195",
                                    "settings": {
                                        "_column_size": 50,
                                        "_inline_size": 60,
                                        "padding": {
                                            "unit": "em",
                                            "top": "4",
                                            "right": "4",
                                            "bottom": "4",
                                            "left": "4",
                                            "isLinked": true
                                        },
                                        "padding_tablet": {
                                            "unit": "em",
                                            "top": "2",
                                            "right": "2",
                                            "bottom": "2",
                                            "left": "2",
                                            "isLinked": true
                                        },
                                        "padding_mobile": {
                                            "unit": "em",
                                            "top": "",
                                            "right": "",
                                            "bottom": "",
                                            "left": "",
                                            "isLinked": true
                                        }
                                    },
                                    "elements": [
                                        {
                                            "id": "331bcabb",
                                            "settings": {
                                                "form_name": "New Form",
                                                "form_fields": [
                                                    {
                                                        "custom_id": "name",
                                                        "field_label": "First Name",
                                                        "placeholder": "First Name",
                                                        "width": "50",
                                                        "dynamic": {
                                                            "active": true
                                                        },
                                                        "_id": "109879f",
                                                        "required": "true"
                                                    },
                                                    {
                                                        "custom_id": "field_969105b",
                                                        "field_label": "Last Name",
                                                        "placeholder": "Last Name",
                                                        "width": "50",
                                                        "dynamic": {
                                                            "active": true
                                                        },
                                                        "required": "true",
                                                        "_id": "969105b"
                                                    },
                                                    {
                                                        "custom_id": "email",
                                                        "field_type": "tel",
                                                        "required": "true",
                                                        "field_label": "Phone",
                                                        "placeholder": "Phone",
                                                        "width": "50",
                                                        "_id": "4644232"
                                                    },
                                                    {
                                                        "custom_id": "field_e457f2e",
                                                        "field_type": "email",
                                                        "required": "true",
                                                        "field_label": "Email",
                                                        "placeholder": "Email",
                                                        "width": "50",
                                                        "_id": "e457f2e"
                                                    },
                                                    {
                                                        "custom_id": "field_396d7a9",
                                                        "field_type": "date",
                                                        "required": "true",
                                                        "field_label": "Date",
                                                        "placeholder": "Date",
                                                        "width": "50",
                                                        "_id": "396d7a9",
                                                        "use_native_date": "yes"
                                                    },
                                                    {
                                                        "custom_id": "field_8f6b9ea",
                                                        "field_type": "time",
                                                        "required": "true",
                                                        "field_label": "Time",
                                                        "placeholder": "Time",
                                                        "width": "50",
                                                        "use_native_date": "yes",
                                                        "_id": "8f6b9ea",
                                                        "use_native_time": "yes"
                                                    },
                                                    {
                                                        "custom_id": "message",
                                                        "field_type": "textarea",
                                                        "field_label": "Message",
                                                        "placeholder": "Message",
                                                        "_id": "1912a89"
                                                    }
                                                ],
                                                "input_size": "md",
                                                "button_size": "md",
                                                "button_align": "start",
                                                "step_next_label": "Next",
                                                "step_previous_label": "Previous",
                                                "button_text": "Book an Appointment",
                                                "selected_button_icon": {
                                                    "value": "far fa-calendar-alt",
                                                    "library": "fa-regular"
                                                },
                                                "button_icon_indent": {
                                                    "unit": "px",
                                                    "size": 7,
                                                    "sizes": []
                                                },
                                                "email_content": "[all-fields]",
                                                "email_content_2": "[all-fields]",
                                                "success_message": "The form was sent successfully.",
                                                "error_message": "An error occurred.",
                                                "required_field_message": "This field is required.",
                                                "invalid_message": "There&#039;s something wrong. The form is invalid.",
                                                "field_background_color": "",
                                                "button_text_color": "",
                                                "previous_button_text_color": "",
                                                "button_hover_color": "",
                                                "previous_button_text_color_hover": ""
                                            },
                                            "elements": [],
                                            "isInner": false,
                                            "widgetType": "form",
                                            "elType": "widget"
                                        }
                                    ],
                                    "isInner": true,
                                    "elType": "column"
                                }
                            ],
                            "isInner": true,
                            "elType": "section"
                        }
                    ],
                    "isInner": false,
                    "elType": "column"
                }
            ],
            "isInner": false,
            "elType": "section"
        },
        {
            "id": "7ce4040a",
            "settings": {
                "padding": {
                    "unit": "em",
                    "top": "0",
                    "right": "0",
                    "bottom": "5",
                    "left": "0",
                    "isLinked": false
                },
                "padding_tablet": {
                    "unit": "em",
                    "top": "1",
                    "right": "0",
                    "bottom": "3",
                    "left": "0",
                    "isLinked": false
                },
                "padding_mobile": {
                    "unit": "em",
                    "top": "1",
                    "right": "0",
                    "bottom": "1",
                    "left": "0",
                    "isLinked": false
                }
            },
            "elements": [
                {
                    "id": "35cf105c",
                    "settings": {
                        "_column_size": 100,
                        "_inline_size": null,
                        "padding": {
                            "unit": "px",
                            "top": "0",
                            "right": "0",
                            "bottom": "0",
                            "left": "0",
                            "isLinked": false
                        }
                    },
                    "elements": [
                        {
                            "id": "3b715b48",
                            "settings": {
                                "content_width": {
                                    "unit": "px",
                                    "size": 840,
                                    "sizes": []
                                }
                            },
                            "elements": [
                                {
                                    "id": "6e79a317",
                                    "settings": {
                                        "_column_size": 100,
                                        "_inline_size": null,
                                        "padding": {
                                            "unit": "em",
                                            "top": "2",
                                            "right": "2",
                                            "bottom": "2",
                                            "left": "2",
                                            "isLinked": true
                                        },
                                        "padding_tablet": {
                                            "unit": "em",
                                            "top": "",
                                            "right": "",
                                            "bottom": "",
                                            "left": "",
                                            "isLinked": true
                                        },
                                        "padding_mobile": {
                                            "unit": "em",
                                            "top": "1",
                                            "right": "1",
                                            "bottom": "1",
                                            "left": "1",
                                            "isLinked": true
                                        },
                                        "animation": "fadeInUp"
                                    },
                                    "elements": [
                                        {
                                            "id": "5ae89e7",
                                            "settings": {
                                                "title": "FAQ",
                                                "header_size": "h6",
                                                "align": "center"
                                            },
                                            "elements": [],
                                            "isInner": false,
                                            "widgetType": "heading",
                                            "elType": "widget"
                                        },
                                        {
                                            "id": "216ee541",
                                            "settings": {
                                                "title": "Frequently Ask Questions\n",
                                                "align": "center"
                                            },
                                            "elements": [],
                                            "isInner": false,
                                            "widgetType": "heading",
                                            "elType": "widget"
                                        },
                                        {
                                            "id": "6b8fdb0d",
                                            "settings": {
                                                "align": "center"
                                            },
                                            "elements": [],
                                            "isInner": false,
                                            "widgetType": "text-editor",
                                            "elType": "widget"
                                        }
                                    ],
                                    "isInner": true,
                                    "elType": "column"
                                }
                            ],
                            "isInner": true,
                            "elType": "section"
                        },
                        {
                            "id": "3339e306",
                            "settings": {
                                "structure": "20",
                                "reverse_order_mobile": "reverse-mobile"
                            },
                            "elements": [
                                {
                                    "id": "4a1caa42",
                                    "settings": {
                                        "_column_size": 50,
                                        "_inline_size": 40,
                                        "_inline_size_tablet": 40,
                                        "padding": {
                                            "unit": "em",
                                            "top": "2",
                                            "right": "2",
                                            "bottom": "2",
                                            "left": "2",
                                            "isLinked": true
                                        },
                                        "padding_tablet": {
                                            "unit": "em",
                                            "top": "1",
                                            "right": "1",
                                            "bottom": "1",
                                            "left": "1",
                                            "isLinked": true
                                        },
                                        "padding_mobile": {
                                            "unit": "em",
                                            "top": "",
                                            "right": "",
                                            "bottom": "",
                                            "left": "",
                                            "isLinked": true
                                        },
                                        "animation": "fadeInLeft"
                                    },
                                    "elements": [
                                        {
                                            "id": "15589f1a",
                                            "settings": {
                                                "image": {
                                                    "url": "https:\/\/newkit.moxcreative.com\/mentheer\/wp-content\/uploads\/sites\/31\/2022\/09\/page5.png",
                                                    "id": 320,
                                                    "alt": "",
                                                    "source": "library"
                                                },
                                                "image_size": "full",
                                                "width_tablet": {
                                                    "unit": "%",
                                                    "size": 100,
                                                    "sizes": []
                                                },
                                                "width_mobile": {
                                                    "unit": "%",
                                                    "size": 85,
                                                    "sizes": []
                                                },
                                                "_padding_tablet": {
                                                    "unit": "em",
                                                    "top": "",
                                                    "right": "",
                                                    "bottom": "",
                                                    "left": "",
                                                    "isLinked": true
                                                },
                                                "_padding_mobile": {
                                                    "unit": "em",
                                                    "top": "",
                                                    "right": "",
                                                    "bottom": "",
                                                    "left": "",
                                                    "isLinked": true
                                                }
                                            },
                                            "elements": [],
                                            "isInner": false,
                                            "widgetType": "image",
                                            "elType": "widget"
                                        }
                                    ],
                                    "isInner": true,
                                    "elType": "column"
                                },
                                {
                                    "id": "554a6aa1",
                                    "settings": {
                                        "_column_size": 50,
                                        "_inline_size": 60,
                                        "_inline_size_tablet": 60,
                                        "padding": {
                                            "unit": "em",
                                            "top": "2",
                                            "right": "2",
                                            "bottom": "2",
                                            "left": "2",
                                            "isLinked": true
                                        },
                                        "padding_tablet": {
                                            "unit": "em",
                                            "top": "1",
                                            "right": "1",
                                            "bottom": "1",
                                            "left": "1",
                                            "isLinked": true
                                        },
                                        "padding_mobile": {
                                            "unit": "px",
                                            "top": "10",
                                            "right": "10",
                                            "bottom": "10",
                                            "left": "10",
                                            "isLinked": true
                                        },
                                        "animation": "fadeInRight"
                                    },
                                    "elements": [
                                        {
                                            "id": "21f23065",
                                            "settings": {
                                                "ekit_accordion_items": [
                                                    {
                                                        "acc_title": "Risus consectetur facilisi purus tellus imperdiet urna gravida?",
                                                        "acc_content": "<p>Dictumst semper nulla consectetur natoque etiam leo litora curabitur. Aliquet felis habitasse penatibus ipsum inceptos. Lobortis donec aliquet massa parturient senectus ante.<\/p>",
                                                        "ekit_acc_is_active": "yes",
                                                        "_id": "fce8fbd"
                                                    },
                                                    {
                                                        "acc_title": "Cubilia dapibus pulvinar risus nam ultricies?",
                                                        "acc_content": "<p>Dictumst semper nulla consectetur natoque etiam leo litora curabitur. Aliquet felis habitasse penatibus ipsum inceptos. Lobortis donec aliquet massa parturient senectus ante.<\/p>",
                                                        "_id": "41f8938"
                                                    },
                                                    {
                                                        "acc_title": "Ligula si vehicula suspendisse tellus iaculis consequat?",
                                                        "acc_content": "<p>Dictumst semper nulla consectetur natoque etiam leo litora curabitur. Aliquet felis habitasse penatibus ipsum inceptos. Lobortis donec aliquet massa parturient senectus ante.<\/p>",
                                                        "_id": "11d6ed5"
                                                    },
                                                    {
                                                        "acc_title": "Consectetuer platea morbi vulputate aliquam aenean cras sodales?",
                                                        "acc_content": "<p>Dictumst semper nulla consectetur natoque etiam leo litora curabitur. Aliquet felis habitasse penatibus ipsum inceptos. Lobortis donec aliquet massa parturient senectus ante.<\/p>",
                                                        "_id": "e8546c0"
                                                    },
                                                    {
                                                        "acc_title": "Tellus ullamcorper mus lectus mollis ultrices?",
                                                        "acc_content": "<p>Dictumst semper nulla consectetur natoque etiam leo litora curabitur. Aliquet felis habitasse penatibus ipsum inceptos. Lobortis donec aliquet massa parturient senectus ante.<\/p>",
                                                        "_id": "21b6722"
                                                    },
                                                    {
                                                        "acc_title": "Integer vehicula ridiculus tincidunt posuere nibh placerat?",
                                                        "acc_content": "<p>Dictumst semper nulla consectetur natoque etiam leo litora curabitur. Aliquet felis habitasse penatibus ipsum inceptos. Lobortis donec aliquet massa parturient senectus ante.<\/p>",
                                                        "_id": "3ac5327"
                                                    }
                                                ],
                                                "ekit_accordion_right_icons": {
                                                    "value": "fas fa-chevron-down",
                                                    "library": "fa-solid"
                                                },
                                                "ekit_accordion_right_icon_actives": {
                                                    "value": "fas fa-chevron-up",
                                                    "library": "fa-solid"
                                                },
                                                "ekit_accordion_background_background": "gradient",
                                                "ekit_accordion_background_gradient_angle": {
                                                    "unit": "deg",
                                                    "size": 135,
                                                    "sizes": []
                                                },
                                                "ekit_accordion_border_radious_curve_shape_open": {
                                                    "unit": "px",
                                                    "top": "10",
                                                    "right": "10",
                                                    "bottom": "0",
                                                    "left": "0",
                                                    "isLinked": false
                                                },
                                                "ekit_accordion_background_close_background": "classic",
                                                "ekit_accordion_border_radious_close": {
                                                    "unit": "px",
                                                    "top": "10",
                                                    "right": "10",
                                                    "bottom": "10",
                                                    "left": "10",
                                                    "isLinked": true
                                                },
                                                "ekit_accordion_title_padding": {
                                                    "unit": "px",
                                                    "top": "28",
                                                    "right": "0",
                                                    "bottom": "28",
                                                    "left": "28",
                                                    "isLinked": false
                                                },
                                                "ekit_accordion_title_padding_mobile": {
                                                    "unit": "px",
                                                    "top": "14",
                                                    "right": "0",
                                                    "bottom": "14",
                                                    "left": "14",
                                                    "isLinked": false
                                                },
                                                "ekit_accordion_title_margin_bottom": {
                                                    "unit": "px",
                                                    "size": 14,
                                                    "sizes": []
                                                },
                                                "ekit_accordion_content_background_background": "classic",
                                                "ekit_accordion_content_border_radious": {
                                                    "unit": "px",
                                                    "top": "0",
                                                    "right": "0",
                                                    "bottom": "10",
                                                    "left": "10",
                                                    "isLinked": false
                                                },
                                                "ekit_accordion_content_padding": {
                                                    "unit": "px",
                                                    "top": "28",
                                                    "right": "28",
                                                    "bottom": "28",
                                                    "left": "28",
                                                    "isLinked": true
                                                },
                                                "ekit_accordion_content_padding_mobile": {
                                                    "unit": "px",
                                                    "top": "14",
                                                    "right": "14",
                                                    "bottom": "14",
                                                    "left": "14",
                                                    "isLinked": true
                                                },
                                                "ekit_accordion_border_radious_open": {
                                                    "unit": "px",
                                                    "top": "30",
                                                    "right": "30",
                                                    "bottom": "30",
                                                    "left": "30",
                                                    "isLinked": true
                                                },
                                                "ekit_accordion_element_box_shadow_group_box_shadow_type": "yes",
                                                "ekit_accordion_element_box_shadow_group_box_shadow": {
                                                    "horizontal": 0,
                                                    "vertical": 30,
                                                    "blur": 60,
                                                    "spread": 0,
                                                    "color": "rgba(0, 0, 0, 0.1)"
                                                },
                                                "ekit_accordion_section_icon_margin": {
                                                    "unit": "px",
                                                    "top": "28",
                                                    "right": "28",
                                                    "bottom": "28",
                                                    "left": "0",
                                                    "isLinked": false
                                                },
                                                "ekit_accordion_section_icon_margin_mobile": {
                                                    "unit": "px",
                                                    "top": "14",
                                                    "right": "14",
                                                    "bottom": "14",
                                                    "left": "0",
                                                    "isLinked": false
                                                },
                                                "__globals__": {
                                                    "ekit_accordion_title_typography_typography": "globals\/typography?id=7044a64",
                                                    "ekit_accordion_title_color": "globals\/colors?id=text",
                                                    "ekit_accordion_background_color": "globals\/colors?id=bb890b8",
                                                    "ekit_accordion_background_color_b": "globals\/colors?id=639e8dd",
                                                    "ekit_accordion_content_typography_typography": "globals\/typography?id=b2ce6af",
                                                    "ekit_accordion_content_background_color": "globals\/colors?id=text",
                                                    "ekit_accordion_title_color_close": "globals\/colors?id=primary",
                                                    "ekit_accordion_background_close_color": "globals\/colors?id=text"
                                                }
                                            },
                                            "elements": [],
                                            "isInner": false,
                                            "widgetType": "elementskit-accordion",
                                            "elType": "widget"
                                        }
                                    ],
                                    "isInner": true,
                                    "elType": "column"
                                }
                            ],
                            "isInner": true,
                            "elType": "section"
                        }
                    ],
                    "isInner": false,
                    "elType": "column"
                }
            ],
            "isInner": false,
            "elType": "section"
        }
    ]
}