{
    "version": "0.4",
    "title": "FAQ",
    "type": "page",
    "metadata": {
        "template_type": "single-page",
        "include_in_zip": "1",
        "elementor_pro_required": "1",
        "wp_page_template": "elementor_header_footer"
    },
    "content": [
        {
            "id": "19d09e2d",
            "settings": {
                "background_background": "classic",
                "background_gradient_angle": {
                    "unit": "deg",
                    "size": 135,
                    "sizes": []
                },
                "background_overlay_background": "gradient",
                "background_overlay_image": {
                    "url": "",
                    "id": "",
                    "alt": "Reading the business news",
                    "source": "library"
                },
                "background_overlay_position": "center center",
                "background_overlay_repeat": "no-repeat",
                "background_overlay_size": "cover",
                "background_overlay_opacity": {
                    "unit": "px",
                    "size": 1,
                    "sizes": []
                },
                "padding": {
                    "unit": "%",
                    "top": "7",
                    "right": "0",
                    "bottom": "0",
                    "left": "0",
                    "isLinked": false
                },
                "padding_tablet": {
                    "unit": "em",
                    "top": "7",
                    "right": "0",
                    "bottom": "0",
                    "left": "0",
                    "isLinked": false
                },
                "padding_mobile": {
                    "unit": "em",
                    "top": "",
                    "right": "",
                    "bottom": "",
                    "left": "",
                    "isLinked": true
                },
                "__globals__": {
                    "background_color": "",
                    "background_color_b": "globals\/colors?id=639e8dd",
                    "background_overlay_color": "globals\/colors?id=bb890b8",
                    "background_overlay_color_b": ""
                },
                "background_color_b": "#4866BC",
                "background_image": {
                    "url": "https:\/\/newkit.moxcreative.com\/mentheer\/wp-content\/uploads\/sites\/31\/2022\/09\/mental-health-and-counseling.jpg",
                    "id": 77,
                    "alt": "Mental Health And Counseling",
                    "source": "library"
                },
                "background_position": "center center",
                "background_repeat": "no-repeat",
                "background_size": "cover",
                "background_overlay_color": "#653399",
                "background_overlay_color_stop": {
                    "unit": "%",
                    "size": 20,
                    "sizes": []
                },
                "background_overlay_color_b": "#4866BC2B",
                "background_overlay_gradient_angle": {
                    "unit": "deg",
                    "size": 135,
                    "sizes": []
                },
                "shape_divider_bottom": "waves",
                "shape_divider_bottom_width": {
                    "unit": "%",
                    "size": 150,
                    "sizes": []
                },
                "shape_divider_bottom_width_mobile": {
                    "unit": "%",
                    "size": 100,
                    "sizes": []
                },
                "shape_divider_bottom_height": {
                    "unit": "px",
                    "size": 115,
                    "sizes": []
                },
                "shape_divider_bottom_height_tablet": {
                    "unit": "px",
                    "size": 65,
                    "sizes": []
                },
                "shape_divider_bottom_height_mobile": {
                    "unit": "px",
                    "size": 35,
                    "sizes": []
                }
            },
            "elements": [
                {
                    "id": "400de806",
                    "settings": {
                        "_column_size": 100,
                        "_inline_size": null,
                        "padding": {
                            "unit": "px",
                            "top": "0",
                            "right": "0",
                            "bottom": "0",
                            "left": "0",
                            "isLinked": false
                        }
                    },
                    "elements": [
                        {
                            "id": "2959fe4e",
                            "settings": {
                                "content_width": {
                                    "unit": "px",
                                    "size": 720,
                                    "sizes": []
                                },
                                "padding": {
                                    "unit": "em",
                                    "top": "5",
                                    "right": "0",
                                    "bottom": "10",
                                    "left": "0",
                                    "isLinked": false
                                },
                                "padding_tablet": {
                                    "unit": "em",
                                    "top": "3",
                                    "right": "0",
                                    "bottom": "3",
                                    "left": "0",
                                    "isLinked": false
                                },
                                "padding_mobile": {
                                    "unit": "em",
                                    "top": "2",
                                    "right": "0",
                                    "bottom": "2",
                                    "left": "0",
                                    "isLinked": false
                                }
                            },
                            "elements": [
                                {
                                    "id": "7c6cbf5b",
                                    "settings": {
                                        "_column_size": 100,
                                        "_inline_size": null,
                                        "padding": {
                                            "unit": "em",
                                            "top": "2",
                                            "right": "2",
                                            "bottom": "2",
                                            "left": "2",
                                            "isLinked": true
                                        },
                                        "padding_tablet": {
                                            "unit": "em",
                                            "top": "",
                                            "right": "",
                                            "bottom": "",
                                            "left": "",
                                            "isLinked": true
                                        },
                                        "padding_mobile": {
                                            "unit": "em",
                                            "top": "",
                                            "right": "",
                                            "bottom": "",
                                            "left": "",
                                            "isLinked": true
                                        }
                                    },
                                    "elements": [
                                        {
                                            "id": "186e748f",
                                            "settings": {
                                                "title": "Blog",
                                                "header_size": "h1",
                                                "align": "center",
                                                "_animation": "fadeInUp",
                                                "__globals__": {
                                                    "title_color": "globals\/colors?id=text"
                                                },
                                                "__dynamic__": {
                                                    "title": "[elementor-tag id=\"ca2d7c8\" name=\"post-title\" settings=\"%7B%7D\"]"
                                                }
                                            },
                                            "elements": [],
                                            "isInner": false,
                                            "widgetType": "heading",
                                            "elType": "widget"
                                        },
                                        {
                                            "id": "5573643e",
                                            "settings": {
                                                "title": "Frequently Ask Questions\n\n",
                                                "header_size": "h3",
                                                "align": "center",
                                                "_animation": "fadeInDown",
                                                "animation_duration": "slow",
                                                "_animation_delay": 200,
                                                "__dynamic__": [],
                                                "__globals__": {
                                                    "title_color": "globals\/colors?id=text"
                                                }
                                            },
                                            "elements": [],
                                            "isInner": false,
                                            "widgetType": "heading",
                                            "elType": "widget"
                                        }
                                    ],
                                    "isInner": true,
                                    "elType": "column"
                                }
                            ],
                            "isInner": true,
                            "elType": "section"
                        }
                    ],
                    "isInner": false,
                    "elType": "column"
                }
            ],
            "isInner": false,
            "elType": "section"
        },
        {
            "id": "4fa677a1",
            "settings": {
                "padding": {
                    "unit": "em",
                    "top": "5",
                    "right": "0",
                    "bottom": "5",
                    "left": "0",
                    "isLinked": false
                },
                "padding_tablet": {
                    "unit": "em",
                    "top": "1",
                    "right": "0",
                    "bottom": "1",
                    "left": "0",
                    "isLinked": false
                },
                "padding_mobile": {
                    "unit": "em",
                    "top": "",
                    "right": "",
                    "bottom": "",
                    "left": "",
                    "isLinked": true
                }
            },
            "elements": [
                {
                    "id": "790c7c9a",
                    "settings": {
                        "_column_size": 100,
                        "_inline_size": null,
                        "padding": {
                            "unit": "px",
                            "top": "0",
                            "right": "0",
                            "bottom": "0",
                            "left": "0",
                            "isLinked": false
                        }
                    },
                    "elements": [
                        {
                            "id": "2bc31ef4",
                            "settings": {
                                "content_width": {
                                    "unit": "px",
                                    "size": 840,
                                    "sizes": []
                                }
                            },
                            "elements": [
                                {
                                    "id": "5820febb",
                                    "settings": {
                                        "_column_size": 100,
                                        "_inline_size": null,
                                        "padding": {
                                            "unit": "em",
                                            "top": "2",
                                            "right": "2",
                                            "bottom": "2",
                                            "left": "2",
                                            "isLinked": true
                                        },
                                        "padding_tablet": {
                                            "unit": "em",
                                            "top": "",
                                            "right": "",
                                            "bottom": "",
                                            "left": "",
                                            "isLinked": true
                                        },
                                        "padding_mobile": {
                                            "unit": "em",
                                            "top": "1",
                                            "right": "1",
                                            "bottom": "1",
                                            "left": "1",
                                            "isLinked": true
                                        },
                                        "animation": "fadeInUp"
                                    },
                                    "elements": [
                                        {
                                            "id": "5186de0e",
                                            "settings": {
                                                "title": "What can we help you with today?\n",
                                                "align": "center"
                                            },
                                            "elements": [],
                                            "isInner": false,
                                            "widgetType": "heading",
                                            "elType": "widget"
                                        },
                                        {
                                            "id": "38b6311d",
                                            "settings": {
                                                "align": "center"
                                            },
                                            "elements": [],
                                            "isInner": false,
                                            "widgetType": "text-editor",
                                            "elType": "widget"
                                        }
                                    ],
                                    "isInner": true,
                                    "elType": "column"
                                }
                            ],
                            "isInner": true,
                            "elType": "section"
                        },
                        {
                            "id": "731c6ae1",
                            "settings": {
                                "structure": "20",
                                "reverse_order_mobile": "reverse-mobile"
                            },
                            "elements": [
                                {
                                    "id": "5bdaec20",
                                    "settings": {
                                        "_column_size": 50,
                                        "_inline_size": 40,
                                        "_inline_size_tablet": 40,
                                        "padding": {
                                            "unit": "em",
                                            "top": "2",
                                            "right": "2",
                                            "bottom": "2",
                                            "left": "2",
                                            "isLinked": true
                                        },
                                        "padding_tablet": {
                                            "unit": "em",
                                            "top": "1",
                                            "right": "1",
                                            "bottom": "1",
                                            "left": "1",
                                            "isLinked": true
                                        },
                                        "padding_mobile": {
                                            "unit": "em",
                                            "top": "",
                                            "right": "",
                                            "bottom": "",
                                            "left": "",
                                            "isLinked": true
                                        },
                                        "animation": "fadeInLeft"
                                    },
                                    "elements": [
                                        {
                                            "id": "4b27771a",
                                            "settings": {
                                                "image": {
                                                    "url": "https:\/\/newkit.moxcreative.com\/mentheer\/wp-content\/uploads\/sites\/31\/2022\/09\/page5.png",
                                                    "id": 320,
                                                    "alt": "",
                                                    "source": "library"
                                                },
                                                "image_size": "full",
                                                "width_tablet": {
                                                    "unit": "%",
                                                    "size": 100,
                                                    "sizes": []
                                                },
                                                "width_mobile": {
                                                    "unit": "%",
                                                    "size": 85,
                                                    "sizes": []
                                                },
                                                "_padding_tablet": {
                                                    "unit": "em",
                                                    "top": "",
                                                    "right": "",
                                                    "bottom": "",
                                                    "left": "",
                                                    "isLinked": true
                                                },
                                                "_padding_mobile": {
                                                    "unit": "em",
                                                    "top": "",
                                                    "right": "",
                                                    "bottom": "",
                                                    "left": "",
                                                    "isLinked": true
                                                }
                                            },
                                            "elements": [],
                                            "isInner": false,
                                            "widgetType": "image",
                                            "elType": "widget"
                                        }
                                    ],
                                    "isInner": true,
                                    "elType": "column"
                                },
                                {
                                    "id": "1af9c019",
                                    "settings": {
                                        "_column_size": 50,
                                        "_inline_size": 60,
                                        "_inline_size_tablet": 60,
                                        "padding": {
                                            "unit": "em",
                                            "top": "2",
                                            "right": "2",
                                            "bottom": "2",
                                            "left": "2",
                                            "isLinked": true
                                        },
                                        "padding_tablet": {
                                            "unit": "em",
                                            "top": "1",
                                            "right": "1",
                                            "bottom": "1",
                                            "left": "1",
                                            "isLinked": true
                                        },
                                        "padding_mobile": {
                                            "unit": "px",
                                            "top": "10",
                                            "right": "10",
                                            "bottom": "10",
                                            "left": "10",
                                            "isLinked": true
                                        },
                                        "animation": "fadeInRight"
                                    },
                                    "elements": [
                                        {
                                            "id": "fec0955",
                                            "settings": {
                                                "ekit_accordion_items": [
                                                    {
                                                        "acc_title": "Risus consectetur facilisi purus tellus imperdiet urna gravida?",
                                                        "acc_content": "<p>Dictumst semper nulla consectetur natoque etiam leo litora curabitur. Aliquet felis habitasse penatibus ipsum inceptos. Lobortis donec aliquet massa parturient senectus ante.<\/p>",
                                                        "ekit_acc_is_active": "yes",
                                                        "_id": "fce8fbd"
                                                    },
                                                    {
                                                        "acc_title": "Cubilia dapibus pulvinar risus nam ultricies?",
                                                        "acc_content": "<p>Dictumst semper nulla consectetur natoque etiam leo litora curabitur. Aliquet felis habitasse penatibus ipsum inceptos. Lobortis donec aliquet massa parturient senectus ante.<\/p>",
                                                        "_id": "41f8938"
                                                    },
                                                    {
                                                        "acc_title": "Ligula si vehicula suspendisse tellus iaculis consequat?",
                                                        "acc_content": "<p>Dictumst semper nulla consectetur natoque etiam leo litora curabitur. Aliquet felis habitasse penatibus ipsum inceptos. Lobortis donec aliquet massa parturient senectus ante.<\/p>",
                                                        "_id": "11d6ed5"
                                                    },
                                                    {
                                                        "acc_title": "Consectetuer platea morbi vulputate aliquam aenean cras sodales?",
                                                        "acc_content": "<p>Dictumst semper nulla consectetur natoque etiam leo litora curabitur. Aliquet felis habitasse penatibus ipsum inceptos. Lobortis donec aliquet massa parturient senectus ante.<\/p>",
                                                        "_id": "e8546c0"
                                                    },
                                                    {
                                                        "acc_title": "Tellus ullamcorper mus lectus mollis ultrices?",
                                                        "acc_content": "<p>Dictumst semper nulla consectetur natoque etiam leo litora curabitur. Aliquet felis habitasse penatibus ipsum inceptos. Lobortis donec aliquet massa parturient senectus ante.<\/p>",
                                                        "_id": "21b6722"
                                                    },
                                                    {
                                                        "acc_title": "Integer vehicula ridiculus tincidunt posuere nibh placerat?",
                                                        "acc_content": "<p>Dictumst semper nulla consectetur natoque etiam leo litora curabitur. Aliquet felis habitasse penatibus ipsum inceptos. Lobortis donec aliquet massa parturient senectus ante.<\/p>",
                                                        "_id": "3ac5327"
                                                    }
                                                ],
                                                "ekit_accordion_right_icons": {
                                                    "value": "fas fa-chevron-down",
                                                    "library": "fa-solid"
                                                },
                                                "ekit_accordion_right_icon_actives": {
                                                    "value": "fas fa-chevron-up",
                                                    "library": "fa-solid"
                                                },
                                                "ekit_accordion_background_background": "gradient",
                                                "ekit_accordion_background_gradient_angle": {
                                                    "unit": "deg",
                                                    "size": 135,
                                                    "sizes": []
                                                },
                                                "ekit_accordion_border_radious_curve_shape_open": {
                                                    "unit": "px",
                                                    "top": "10",
                                                    "right": "10",
                                                    "bottom": "0",
                                                    "left": "0",
                                                    "isLinked": false
                                                },
                                                "ekit_accordion_background_close_background": "classic",
                                                "ekit_accordion_border_radious_close": {
                                                    "unit": "px",
                                                    "top": "10",
                                                    "right": "10",
                                                    "bottom": "10",
                                                    "left": "10",
                                                    "isLinked": true
                                                },
                                                "ekit_accordion_title_padding": {
                                                    "unit": "px",
                                                    "top": "28",
                                                    "right": "0",
                                                    "bottom": "28",
                                                    "left": "28",
                                                    "isLinked": false
                                                },
                                                "ekit_accordion_title_padding_mobile": {
                                                    "unit": "px",
                                                    "top": "14",
                                                    "right": "0",
                                                    "bottom": "14",
                                                    "left": "14",
                                                    "isLinked": false
                                                },
                                                "ekit_accordion_title_margin_bottom": {
                                                    "unit": "px",
                                                    "size": 14,
                                                    "sizes": []
                                                },
                                                "ekit_accordion_content_background_background": "classic",
                                                "ekit_accordion_content_border_radious": {
                                                    "unit": "px",
                                                    "top": "0",
                                                    "right": "0",
                                                    "bottom": "10",
                                                    "left": "10",
                                                    "isLinked": false
                                                },
                                                "ekit_accordion_content_padding": {
                                                    "unit": "px",
                                                    "top": "28",
                                                    "right": "28",
                                                    "bottom": "28",
                                                    "left": "28",
                                                    "isLinked": true
                                                },
                                                "ekit_accordion_content_padding_mobile": {
                                                    "unit": "px",
                                                    "top": "14",
                                                    "right": "14",
                                                    "bottom": "14",
                                                    "left": "14",
                                                    "isLinked": true
                                                },
                                                "ekit_accordion_border_radious_open": {
                                                    "unit": "px",
                                                    "top": "30",
                                                    "right": "30",
                                                    "bottom": "30",
                                                    "left": "30",
                                                    "isLinked": true
                                                },
                                                "ekit_accordion_element_box_shadow_group_box_shadow_type": "yes",
                                                "ekit_accordion_element_box_shadow_group_box_shadow": {
                                                    "horizontal": 0,
                                                    "vertical": 30,
                                                    "blur": 60,
                                                    "spread": 0,
                                                    "color": "rgba(0, 0, 0, 0.1)"
                                                },
                                                "ekit_accordion_section_icon_margin": {
                                                    "unit": "px",
                                                    "top": "28",
                                                    "right": "28",
                                                    "bottom": "28",
                                                    "left": "0",
                                                    "isLinked": false
                                                },
                                                "ekit_accordion_section_icon_margin_mobile": {
                                                    "unit": "px",
                                                    "top": "14",
                                                    "right": "14",
                                                    "bottom": "14",
                                                    "left": "0",
                                                    "isLinked": false
                                                },
                                                "__globals__": {
                                                    "ekit_accordion_title_typography_typography": "globals\/typography?id=7044a64",
                                                    "ekit_accordion_title_color": "globals\/colors?id=text",
                                                    "ekit_accordion_background_color": "globals\/colors?id=bb890b8",
                                                    "ekit_accordion_background_color_b": "globals\/colors?id=639e8dd",
                                                    "ekit_accordion_content_typography_typography": "globals\/typography?id=b2ce6af",
                                                    "ekit_accordion_content_background_color": "globals\/colors?id=text",
                                                    "ekit_accordion_title_color_close": "globals\/colors?id=primary",
                                                    "ekit_accordion_background_close_color": "globals\/colors?id=text"
                                                }
                                            },
                                            "elements": [],
                                            "isInner": false,
                                            "widgetType": "elementskit-accordion",
                                            "elType": "widget"
                                        }
                                    ],
                                    "isInner": true,
                                    "elType": "column"
                                }
                            ],
                            "isInner": true,
                            "elType": "section"
                        }
                    ],
                    "isInner": false,
                    "elType": "column"
                }
            ],
            "isInner": false,
            "elType": "section"
        },
        {
            "id": "7c945fcf",
            "settings": {
                "content_width": {
                    "unit": "px",
                    "size": 720,
                    "sizes": []
                },
                "background_background": "classic",
                "background_image": {
                    "url": "https:\/\/newkit.moxcreative.com\/mentheer\/wp-content\/uploads\/sites\/31\/2022\/09\/woman-with-psychologist-in-the-office.jpg",
                    "id": 76,
                    "alt": "Woman with psychologist in the office",
                    "source": "library"
                },
                "background_position": "center center",
                "background_repeat": "no-repeat",
                "background_size": "cover",
                "background_overlay_background": "gradient",
                "background_overlay_gradient_angle": {
                    "unit": "deg",
                    "size": 135,
                    "sizes": []
                },
                "background_overlay_opacity": {
                    "unit": "px",
                    "size": 0.90000000000000002220446049250313080847263336181640625,
                    "sizes": []
                },
                "padding": {
                    "unit": "em",
                    "top": "7",
                    "right": "0",
                    "bottom": "10",
                    "left": "0",
                    "isLinked": false
                },
                "padding_tablet": {
                    "unit": "em",
                    "top": "3",
                    "right": "0",
                    "bottom": "10",
                    "left": "0",
                    "isLinked": false
                },
                "padding_mobile": {
                    "unit": "em",
                    "top": "2",
                    "right": "0",
                    "bottom": "10",
                    "left": "0",
                    "isLinked": false
                },
                "__globals__": {
                    "background_overlay_color": "globals\/colors?id=bb890b8",
                    "background_overlay_color_b": "globals\/colors?id=639e8dd"
                }
            },
            "elements": [
                {
                    "id": "686f7e54",
                    "settings": {
                        "_column_size": 100,
                        "_inline_size": null,
                        "padding": {
                            "unit": "em",
                            "top": "2",
                            "right": "2",
                            "bottom": "2",
                            "left": "2",
                            "isLinked": true
                        },
                        "padding_tablet": {
                            "unit": "em",
                            "top": "",
                            "right": "",
                            "bottom": "",
                            "left": "",
                            "isLinked": true
                        },
                        "padding_mobile": {
                            "unit": "em",
                            "top": "",
                            "right": "",
                            "bottom": "",
                            "left": "",
                            "isLinked": true
                        },
                        "animation": "fadeInUp"
                    },
                    "elements": [
                        {
                            "id": "49513906",
                            "settings": {
                                "title": "Need more help?",
                                "header_size": "h6",
                                "align": "center",
                                "__globals__": {
                                    "title_color": "globals\/colors?id=text"
                                }
                            },
                            "elements": [],
                            "isInner": false,
                            "widgetType": "heading",
                            "elType": "widget"
                        },
                        {
                            "id": "c3da5b",
                            "settings": {
                                "title": "More help & support\n",
                                "align": "center",
                                "__globals__": {
                                    "title_color": "globals\/colors?id=text"
                                }
                            },
                            "elements": [],
                            "isInner": false,
                            "widgetType": "heading",
                            "elType": "widget"
                        },
                        {
                            "id": "1f6728d1",
                            "settings": {
                                "align": "center",
                                "__globals__": {
                                    "text_color": "globals\/colors?id=text"
                                }
                            },
                            "elements": [],
                            "isInner": false,
                            "widgetType": "text-editor",
                            "elType": "widget"
                        }
                    ],
                    "isInner": false,
                    "elType": "column"
                }
            ],
            "isInner": false,
            "elType": "section"
        },
        {
            "id": "43751d79",
            "settings": {
                "background_background": "classic",
                "background_image": {
                    "url": "https:\/\/newkit.moxcreative.com\/mentheer\/wp-content\/uploads\/sites\/31\/2022\/09\/bg_pattern.png",
                    "id": 193,
                    "alt": "",
                    "source": "library"
                },
                "background_overlay_background": "gradient",
                "background_overlay_color": "#FFFFFFCC",
                "background_overlay_color_b": "#FFFFFF",
                "background_overlay_color_b_stop": {
                    "unit": "%",
                    "size": 75,
                    "sizes": []
                },
                "background_overlay_gradient_type": "radial",
                "background_overlay_gradient_position": "top center",
                "background_overlay_opacity": {
                    "unit": "px",
                    "size": 1,
                    "sizes": []
                },
                "padding": {
                    "unit": "em",
                    "top": "0",
                    "right": "0",
                    "bottom": "5",
                    "left": "0",
                    "isLinked": false
                },
                "padding_tablet": {
                    "unit": "em",
                    "top": "0",
                    "right": "1",
                    "bottom": "3",
                    "left": "1",
                    "isLinked": false
                },
                "padding_mobile": {
                    "unit": "em",
                    "top": "",
                    "right": "",
                    "bottom": "",
                    "left": "",
                    "isLinked": true
                },
                "__globals__": {
                    "background_overlay_color": "",
                    "background_overlay_color_b": "globals\/colors?id=text"
                }
            },
            "elements": [
                {
                    "id": "58b26204",
                    "settings": {
                        "_column_size": 100,
                        "_inline_size": null,
                        "margin": {
                            "unit": "em",
                            "top": "-10",
                            "right": "0",
                            "bottom": "0",
                            "left": "0",
                            "isLinked": false
                        },
                        "margin_tablet": {
                            "unit": "em",
                            "top": "",
                            "right": "",
                            "bottom": "",
                            "left": "",
                            "isLinked": true
                        },
                        "margin_mobile": {
                            "unit": "em",
                            "top": "",
                            "right": "",
                            "bottom": "",
                            "left": "",
                            "isLinked": true
                        },
                        "padding": {
                            "unit": "px",
                            "top": "0",
                            "right": "0",
                            "bottom": "0",
                            "left": "0",
                            "isLinked": false
                        }
                    },
                    "elements": [
                        {
                            "id": "47cc6b64",
                            "settings": {
                                "structure": "30"
                            },
                            "elements": [
                                {
                                    "id": "1a2d0155",
                                    "settings": {
                                        "_column_size": 33,
                                        "_inline_size": null,
                                        "background_background": "classic",
                                        "border_radius": {
                                            "unit": "px",
                                            "top": "10",
                                            "right": "10",
                                            "bottom": "10",
                                            "left": "10",
                                            "isLinked": true
                                        },
                                        "box_shadow_box_shadow_type": "yes",
                                        "box_shadow_box_shadow": {
                                            "horizontal": 0,
                                            "vertical": 30,
                                            "blur": 60,
                                            "spread": 0,
                                            "color": "rgba(0, 0, 0, 0.1)"
                                        },
                                        "margin": {
                                            "unit": "px",
                                            "top": "10",
                                            "right": "10",
                                            "bottom": "10",
                                            "left": "10",
                                            "isLinked": true
                                        },
                                        "padding": {
                                            "unit": "em",
                                            "top": "2",
                                            "right": "2",
                                            "bottom": "2",
                                            "left": "2",
                                            "isLinked": true
                                        },
                                        "padding_tablet": {
                                            "unit": "em",
                                            "top": "2",
                                            "right": "1",
                                            "bottom": "2",
                                            "left": "1",
                                            "isLinked": false
                                        },
                                        "padding_mobile": {
                                            "unit": "em",
                                            "top": "2",
                                            "right": "2",
                                            "bottom": "2",
                                            "left": "2",
                                            "isLinked": true
                                        },
                                        "__globals__": {
                                            "background_color": "globals\/colors?id=text"
                                        },
                                        "animation": "fadeInUp",
                                        "animation_delay": 200
                                    },
                                    "elements": [
                                        {
                                            "id": "5c4f0a2d",
                                            "settings": {
                                                "selected_icon": {
                                                    "value": "mdi mdi-message-processing-outline",
                                                    "library": "skb_cife-materialdesign-icon"
                                                },
                                                "title_text": "Customer Support",
                                                "description_text": "Interdum habitant tristique adipiscing phasellus egestas est sollicitudin amet rhoncus in netus",
                                                "title_size": "h4",
                                                "icon_space": {
                                                    "unit": "px",
                                                    "size": 14,
                                                    "sizes": []
                                                },
                                                "icon_size": {
                                                    "unit": "px",
                                                    "size": 42,
                                                    "sizes": []
                                                },
                                                "title_bottom_space": {
                                                    "unit": "px",
                                                    "size": 7,
                                                    "sizes": []
                                                },
                                                "__globals__": {
                                                    "primary_color": "globals\/colors?id=bb890b8"
                                                }
                                            },
                                            "elements": [],
                                            "isInner": false,
                                            "widgetType": "icon-box",
                                            "elType": "widget"
                                        },
                                        {
                                            "id": "f644f7b",
                                            "settings": {
                                                "text": "Chat us",
                                                "align": "center"
                                            },
                                            "elements": [],
                                            "isInner": false,
                                            "widgetType": "button",
                                            "elType": "widget"
                                        }
                                    ],
                                    "isInner": true,
                                    "elType": "column"
                                },
                                {
                                    "id": "3b548db4",
                                    "settings": {
                                        "_column_size": 33,
                                        "_inline_size": null,
                                        "background_background": "classic",
                                        "border_radius": {
                                            "unit": "px",
                                            "top": "10",
                                            "right": "10",
                                            "bottom": "10",
                                            "left": "10",
                                            "isLinked": true
                                        },
                                        "box_shadow_box_shadow_type": "yes",
                                        "box_shadow_box_shadow": {
                                            "horizontal": 0,
                                            "vertical": 30,
                                            "blur": 60,
                                            "spread": 0,
                                            "color": "rgba(0, 0, 0, 0.1)"
                                        },
                                        "margin": {
                                            "unit": "px",
                                            "top": "10",
                                            "right": "10",
                                            "bottom": "10",
                                            "left": "10",
                                            "isLinked": true
                                        },
                                        "padding": {
                                            "unit": "em",
                                            "top": "2",
                                            "right": "2",
                                            "bottom": "2",
                                            "left": "2",
                                            "isLinked": true
                                        },
                                        "padding_tablet": {
                                            "unit": "em",
                                            "top": "2",
                                            "right": "1",
                                            "bottom": "2",
                                            "left": "1",
                                            "isLinked": false
                                        },
                                        "padding_mobile": {
                                            "unit": "em",
                                            "top": "2",
                                            "right": "2",
                                            "bottom": "2",
                                            "left": "2",
                                            "isLinked": true
                                        },
                                        "__globals__": {
                                            "background_color": "globals\/colors?id=text"
                                        },
                                        "animation": "fadeInUp"
                                    },
                                    "elements": [
                                        {
                                            "id": "6346ccdb",
                                            "settings": {
                                                "selected_icon": {
                                                    "value": "mdi mdi-email-check-outline",
                                                    "library": "skb_cife-materialdesign-icon"
                                                },
                                                "title_text": "Ticket Support",
                                                "description_text": "Interdum habitant tristique adipiscing phasellus egestas est sollicitudin amet rhoncus in netus",
                                                "title_size": "h4",
                                                "icon_space": {
                                                    "unit": "px",
                                                    "size": 14,
                                                    "sizes": []
                                                },
                                                "icon_size": {
                                                    "unit": "px",
                                                    "size": 42,
                                                    "sizes": []
                                                },
                                                "title_bottom_space": {
                                                    "unit": "px",
                                                    "size": 7,
                                                    "sizes": []
                                                },
                                                "__globals__": {
                                                    "primary_color": "globals\/colors?id=bb890b8"
                                                }
                                            },
                                            "elements": [],
                                            "isInner": false,
                                            "widgetType": "icon-box",
                                            "elType": "widget"
                                        },
                                        {
                                            "id": "77c5d1f",
                                            "settings": {
                                                "text": "Send Ticket",
                                                "align": "center"
                                            },
                                            "elements": [],
                                            "isInner": false,
                                            "widgetType": "button",
                                            "elType": "widget"
                                        }
                                    ],
                                    "isInner": true,
                                    "elType": "column"
                                },
                                {
                                    "id": "58559349",
                                    "settings": {
                                        "_column_size": 33,
                                        "_inline_size": null,
                                        "background_background": "classic",
                                        "border_radius": {
                                            "unit": "px",
                                            "top": "10",
                                            "right": "10",
                                            "bottom": "10",
                                            "left": "10",
                                            "isLinked": true
                                        },
                                        "box_shadow_box_shadow_type": "yes",
                                        "box_shadow_box_shadow": {
                                            "horizontal": 0,
                                            "vertical": 30,
                                            "blur": 60,
                                            "spread": 0,
                                            "color": "rgba(0, 0, 0, 0.1)"
                                        },
                                        "margin": {
                                            "unit": "px",
                                            "top": "10",
                                            "right": "10",
                                            "bottom": "10",
                                            "left": "10",
                                            "isLinked": true
                                        },
                                        "padding": {
                                            "unit": "em",
                                            "top": "2",
                                            "right": "2",
                                            "bottom": "2",
                                            "left": "2",
                                            "isLinked": true
                                        },
                                        "padding_tablet": {
                                            "unit": "em",
                                            "top": "2",
                                            "right": "1",
                                            "bottom": "2",
                                            "left": "1",
                                            "isLinked": false
                                        },
                                        "padding_mobile": {
                                            "unit": "em",
                                            "top": "2",
                                            "right": "2",
                                            "bottom": "2",
                                            "left": "2",
                                            "isLinked": true
                                        },
                                        "__globals__": {
                                            "background_color": "globals\/colors?id=text"
                                        },
                                        "animation": "fadeInUp",
                                        "animation_delay": 400
                                    },
                                    "elements": [
                                        {
                                            "id": "3d0e65d",
                                            "settings": {
                                                "selected_icon": {
                                                    "value": "mdi mdi-deskphone",
                                                    "library": "skb_cife-materialdesign-icon"
                                                },
                                                "title_text": "Contact us",
                                                "description_text": "Interdum habitant tristique adipiscing phasellus egestas est sollicitudin amet rhoncus in netus",
                                                "title_size": "h4",
                                                "icon_space": {
                                                    "unit": "px",
                                                    "size": 14,
                                                    "sizes": []
                                                },
                                                "icon_size": {
                                                    "unit": "px",
                                                    "size": 42,
                                                    "sizes": []
                                                },
                                                "title_bottom_space": {
                                                    "unit": "px",
                                                    "size": 7,
                                                    "sizes": []
                                                },
                                                "__globals__": {
                                                    "primary_color": "globals\/colors?id=bb890b8"
                                                }
                                            },
                                            "elements": [],
                                            "isInner": false,
                                            "widgetType": "icon-box",
                                            "elType": "widget"
                                        },
                                        {
                                            "id": "6313e5dc",
                                            "settings": {
                                                "text": "Call us",
                                                "align": "center"
                                            },
                                            "elements": [],
                                            "isInner": false,
                                            "widgetType": "button",
                                            "elType": "widget"
                                        }
                                    ],
                                    "isInner": true,
                                    "elType": "column"
                                }
                            ],
                            "isInner": true,
                            "elType": "section"
                        }
                    ],
                    "isInner": false,
                    "elType": "column"
                }
            ],
            "isInner": false,
            "elType": "section"
        },
        {
            "id": "75c42ce",
            "settings": {
                "padding": {
                    "unit": "em",
                    "top": "0",
                    "right": "0",
                    "bottom": "7",
                    "left": "0",
                    "isLinked": false
                },
                "padding_tablet": {
                    "unit": "em",
                    "top": "0",
                    "right": "1",
                    "bottom": "3",
                    "left": "1",
                    "isLinked": false
                },
                "padding_mobile": {
                    "unit": "em",
                    "top": "0",
                    "right": "0",
                    "bottom": "2",
                    "left": "0",
                    "isLinked": false
                }
            },
            "elements": [
                {
                    "id": "13c3e511",
                    "settings": {
                        "_column_size": 100,
                        "_inline_size": null
                    },
                    "elements": [
                        {
                            "id": "208e2ec5",
                            "settings": {
                                "look": "line_text",
                                "text": "Latest Post & Article",
                                "html_tag": "div",
                                "text_align": "left",
                                "text_spacing": {
                                    "unit": "px",
                                    "size": 21,
                                    "sizes": []
                                },
                                "_animation": "fadeIn",
                                "_animation_delay": 200,
                                "__globals__": {
                                    "color": "globals\/colors?id=4d462f5",
                                    "typography_typography": "globals\/typography?id=5d167aa"
                                }
                            },
                            "elements": [],
                            "isInner": false,
                            "widgetType": "divider",
                            "elType": "widget"
                        },
                        {
                            "id": "2154748b",
                            "settings": {
                                "classic_columns": "4",
                                "classic_posts_per_page": 4,
                                "classic_thumbnail_size_size": "full",
                                "classic_item_ratio_mobile": {
                                    "unit": "px",
                                    "size": 0.66000000000000003108624468950438313186168670654296875,
                                    "sizes": []
                                },
                                "classic_meta_data": [
                                    "date"
                                ],
                                "classic_meta_separator": ".",
                                "classic_show_read_more": "",
                                "classic_read_more_text": "Read More \u00bb",
                                "cards_meta_separator": "\u2022",
                                "cards_read_more_text": "Read More \u00bb",
                                "full_content_meta_separator": "\/\/\/",
                                "classic_column_gap": {
                                    "unit": "px",
                                    "size": 21,
                                    "sizes": []
                                },
                                "classic_row_gap": {
                                    "unit": "px",
                                    "size": 21,
                                    "sizes": []
                                },
                                "classic_img_border_radius": {
                                    "unit": "px",
                                    "top": "10",
                                    "right": "10",
                                    "bottom": "10",
                                    "left": "10",
                                    "isLinked": true
                                },
                                "classic_image_spacing": {
                                    "unit": "px",
                                    "size": 21,
                                    "sizes": []
                                },
                                "classic_title_spacing": {
                                    "unit": "px",
                                    "size": 7,
                                    "sizes": []
                                },
                                "classic_meta_spacing": {
                                    "unit": "px",
                                    "size": 14,
                                    "sizes": []
                                },
                                "pagination_page_limit": "5",
                                "pagination_prev_label": "&laquo; Previous",
                                "pagination_next_label": "Next &raquo;",
                                "text": "Load More",
                                "load_more_no_posts_custom_message": "No more posts to show",
                                "_animation": "fadeIn",
                                "_animation_delay": 400,
                                "__globals__": {
                                    "classic_title_typography_typography": "globals\/typography?id=7044a64",
                                    "classic_meta_typography_typography": "globals\/typography?id=112b6c4",
                                    "classic_excerpt_typography_typography": "globals\/typography?id=b2ce6af"
                                }
                            },
                            "elements": [],
                            "isInner": false,
                            "widgetType": "posts",
                            "elType": "widget"
                        }
                    ],
                    "isInner": false,
                    "elType": "column"
                }
            ],
            "isInner": false,
            "elType": "section"
        }
    ]
}