{
    "version": "0.4",
    "title": "Mentheer &#8211; Error 404",
    "type": "error-404",
    "metadata": {
        "template_type": "single-404",
        "include_in_zip": "1",
        "elementor_pro_required": "1",
        "elementor_library_type": "error-404",
        "elementor_pro_conditions": [
            "include\/singular\/not_found404"
        ],
        "additional_template_information": [
            "This is a \"Error 404\" template for Elementor Pro.",
            "This template will display on: 404 Page."
        ],
        "wp_page_template": "default"
    },
    "content": [
        {
            "id": "3975544d",
            "settings": {
                "background_background": "classic",
                "background_gradient_angle": {
                    "unit": "deg",
                    "size": 135,
                    "sizes": []
                },
                "background_overlay_background": "gradient",
                "background_overlay_image": {
                    "url": "",
                    "id": "",
                    "alt": "Reading the business news",
                    "source": "library"
                },
                "background_overlay_position": "center center",
                "background_overlay_repeat": "no-repeat",
                "background_overlay_size": "cover",
                "background_overlay_opacity": {
                    "unit": "px",
                    "size": 1,
                    "sizes": []
                },
                "padding": {
                    "unit": "%",
                    "top": "7",
                    "right": "0",
                    "bottom": "0",
                    "left": "0",
                    "isLinked": false
                },
                "padding_tablet": {
                    "unit": "em",
                    "top": "7",
                    "right": "0",
                    "bottom": "0",
                    "left": "0",
                    "isLinked": false
                },
                "padding_mobile": {
                    "unit": "em",
                    "top": "",
                    "right": "",
                    "bottom": "",
                    "left": "",
                    "isLinked": true
                },
                "__globals__": {
                    "background_color": "",
                    "background_color_b": "globals\/colors?id=639e8dd",
                    "background_overlay_color": "",
                    "background_overlay_color_b": "globals\/colors?id=text"
                },
                "background_color_b": "#4866BC",
                "background_image": {
                    "url": "https:\/\/newkit.moxcreative.com\/mentheer\/wp-content\/uploads\/sites\/31\/2022\/09\/notes.jpg",
                    "id": 140,
                    "alt": "Notes",
                    "source": "library"
                },
                "background_position": "top center",
                "background_repeat": "no-repeat",
                "background_size": "cover",
                "background_overlay_color": "#653399D9",
                "background_overlay_color_stop": {
                    "unit": "%",
                    "size": 28,
                    "sizes": []
                },
                "background_overlay_color_b": "#FFFFFF"
            },
            "elements": [
                {
                    "id": "5ceb3bb7",
                    "settings": {
                        "_column_size": 100,
                        "_inline_size": null,
                        "padding": {
                            "unit": "px",
                            "top": "0",
                            "right": "0",
                            "bottom": "0",
                            "left": "0",
                            "isLinked": false
                        }
                    },
                    "elements": [
                        {
                            "id": "3cacf536",
                            "settings": {
                                "content_width": {
                                    "unit": "px",
                                    "size": 500,
                                    "sizes": []
                                },
                                "padding": {
                                    "unit": "em",
                                    "top": "10",
                                    "right": "0",
                                    "bottom": "10",
                                    "left": "0",
                                    "isLinked": false
                                },
                                "padding_tablet": {
                                    "unit": "em",
                                    "top": "7",
                                    "right": "0",
                                    "bottom": "7",
                                    "left": "0",
                                    "isLinked": false
                                },
                                "padding_mobile": {
                                    "unit": "em",
                                    "top": "7",
                                    "right": "1",
                                    "bottom": "7",
                                    "left": "1",
                                    "isLinked": false
                                },
                                "content_width_tablet": {
                                    "unit": "px",
                                    "size": 400,
                                    "sizes": []
                                }
                            },
                            "elements": [
                                {
                                    "id": "138dba58",
                                    "settings": {
                                        "_column_size": 100,
                                        "_inline_size": null,
                                        "padding": {
                                            "unit": "em",
                                            "top": "3",
                                            "right": "3",
                                            "bottom": "3",
                                            "left": "3",
                                            "isLinked": true
                                        },
                                        "padding_tablet": {
                                            "unit": "em",
                                            "top": "",
                                            "right": "",
                                            "bottom": "",
                                            "left": "",
                                            "isLinked": true
                                        },
                                        "padding_mobile": {
                                            "unit": "em",
                                            "top": "2",
                                            "right": "2",
                                            "bottom": "2",
                                            "left": "2",
                                            "isLinked": true
                                        },
                                        "background_background": "classic",
                                        "background_overlay_background": "classic",
                                        "border_radius": {
                                            "unit": "px",
                                            "top": "15",
                                            "right": "15",
                                            "bottom": "15",
                                            "left": "15",
                                            "isLinked": true
                                        },
                                        "animation": "bounceIn",
                                        "animation_duration": "fast",
                                        "__globals__": {
                                            "background_overlay_color": "globals\/colors?id=044b931"
                                        }
                                    },
                                    "elements": [
                                        {
                                            "id": "4162538",
                                            "settings": {
                                                "title": "404",
                                                "header_size": "div",
                                                "align": "center",
                                                "_animation": "bounceIn",
                                                "__globals__": {
                                                    "title_color": "globals\/colors?id=text",
                                                    "typography_typography": "globals\/typography?id=a435f28"
                                                },
                                                "_animation_delay": 200
                                            },
                                            "elements": [],
                                            "isInner": false,
                                            "widgetType": "heading",
                                            "elType": "widget"
                                        },
                                        {
                                            "id": "1ecf0344",
                                            "settings": {
                                                "title": "Page not found\n",
                                                "align": "center",
                                                "_animation": "bounceIn",
                                                "animation_duration": "slow",
                                                "_animation_delay": 400,
                                                "__dynamic__": [],
                                                "__globals__": {
                                                    "title_color": "globals\/colors?id=text"
                                                }
                                            },
                                            "elements": [],
                                            "isInner": false,
                                            "widgetType": "heading",
                                            "elType": "widget"
                                        },
                                        {
                                            "id": "c0eaa09",
                                            "settings": {
                                                "title": "The page you are looking for no longer exists. Perhaps you can return back to the site\u2019s homepage and see if you can find what you are looking for.",
                                                "header_size": "div",
                                                "align": "center",
                                                "_animation": "bounceIn",
                                                "_animation_delay": 500,
                                                "__globals__": {
                                                    "title_color": "globals\/colors?id=text",
                                                    "typography_typography": "globals\/typography?id=b2ce6af"
                                                }
                                            },
                                            "elements": [],
                                            "isInner": false,
                                            "widgetType": "heading",
                                            "elType": "widget"
                                        },
                                        {
                                            "id": "66ac178e",
                                            "settings": {
                                                "text": "Back Home",
                                                "align": "center",
                                                "size": "md",
                                                "_animation": "bounceIn",
                                                "_animation_delay": 550,
                                                "__dynamic__": {
                                                    "link": "[elementor-tag id=\"b97fd34\" name=\"site-url\" settings=\"%7B%7D\"]"
                                                }
                                            },
                                            "elements": [],
                                            "isInner": false,
                                            "widgetType": "button",
                                            "elType": "widget"
                                        }
                                    ],
                                    "isInner": true,
                                    "elType": "column"
                                }
                            ],
                            "isInner": true,
                            "elType": "section"
                        }
                    ],
                    "isInner": false,
                    "elType": "column"
                }
            ],
            "isInner": false,
            "elType": "section"
        }
    ]
}