{
    "version": "0.4",
    "title": "Mentheer &#8211; Header",
    "type": "header",
    "metadata": {
        "template_type": "section-header",
        "include_in_zip": "1",
        "elementor_pro_required": "1",
        "elementor_library_type": "header",
        "elementor_pro_conditions": [
            "include\/general"
        ],
        "additional_template_information": [
            "This is a \"Header\" template for Elementor Pro.",
            "This template will display on: Entire Site."
        ],
        "wp_page_template": "default"
    },
    "content": [
        {
            "id": "379a9a23",
            "settings": {
                "content_position": "middle",
                "structure": "20",
                "background_background": "classic",
                "__globals__": {
                    "background_color": "",
                    "background_color_b": "globals\/colors?id=639e8dd",
                    "border_color": "globals\/colors?id=bb890b8"
                },
                "border_width": {
                    "unit": "px",
                    "top": "7",
                    "right": "0",
                    "bottom": "0",
                    "left": "0",
                    "isLinked": false
                },
                "background_color": "#21212180",
                "background_color_b": "#4866BC",
                "background_gradient_angle": {
                    "unit": "deg",
                    "size": 135,
                    "sizes": []
                },
                "border_color": "#653399",
                "margin": {
                    "unit": "%",
                    "top": "0",
                    "right": 0,
                    "bottom": "-7",
                    "left": 0,
                    "isLinked": false
                },
                "margin_tablet": {
                    "unit": "em",
                    "top": "0",
                    "right": 0,
                    "bottom": "-7",
                    "left": 0,
                    "isLinked": false
                },
                "margin_mobile": {
                    "unit": "em",
                    "top": "0",
                    "right": 0,
                    "bottom": "-7",
                    "left": 0,
                    "isLinked": false
                },
                "padding": {
                    "unit": "%",
                    "top": "",
                    "right": "",
                    "bottom": "",
                    "left": "",
                    "isLinked": true
                },
                "padding_tablet": {
                    "unit": "%",
                    "top": "",
                    "right": "",
                    "bottom": "",
                    "left": "",
                    "isLinked": true
                },
                "padding_mobile": {
                    "unit": "%",
                    "top": "",
                    "right": "",
                    "bottom": "",
                    "left": "",
                    "isLinked": true
                },
                "z_index": 99
            },
            "elements": [
                {
                    "id": "482c0972",
                    "settings": {
                        "_column_size": 50,
                        "_inline_size": 85,
                        "padding": {
                            "unit": "px",
                            "top": "0",
                            "right": "0",
                            "bottom": "0",
                            "left": "0",
                            "isLinked": false
                        },
                        "_inline_size_tablet": 75
                    },
                    "elements": [
                        {
                            "id": "768d52ea",
                            "settings": {
                                "content_position": "middle",
                                "structure": "20",
                                "reverse_order_tablet": "reverse-tablet",
                                "reverse_order_mobile": "reverse-mobile"
                            },
                            "elements": [
                                {
                                    "id": "7fed84f8",
                                    "settings": {
                                        "_column_size": 50,
                                        "_inline_size": 20,
                                        "_inline_size_tablet": 90,
                                        "_inline_size_mobile": 80
                                    },
                                    "elements": [
                                        {
                                            "id": "623e4e3f",
                                            "settings": {
                                                "image": {
                                                    "url": "https:\/\/newkit.moxcreative.com\/mentheer\/wp-content\/uploads\/sites\/31\/2022\/09\/logo_mentheer_w.png",
                                                    "id": 42,
                                                    "alt": "",
                                                    "source": "library"
                                                },
                                                "image_size": "custom",
                                                "image_custom_dimension": {
                                                    "width": "",
                                                    "height": "42"
                                                },
                                                "align": "left",
                                                "link_to": "custom",
                                                "__dynamic__": {
                                                    "link": "[elementor-tag id=\"5f762c2\" name=\"site-url\" settings=\"%7B%7D\"]"
                                                },
                                                "align_mobile": "right"
                                            },
                                            "elements": [],
                                            "isInner": false,
                                            "widgetType": "image",
                                            "elType": "widget"
                                        }
                                    ],
                                    "isInner": true,
                                    "elType": "column"
                                },
                                {
                                    "id": "3367968f",
                                    "settings": {
                                        "_column_size": 50,
                                        "_inline_size": 80,
                                        "_inline_size_tablet": 10,
                                        "_inline_size_mobile": 20
                                    },
                                    "elements": [
                                        {
                                            "id": "a277a1",
                                            "settings": {
                                                "align_items": "right",
                                                "pointer": "none",
                                                "submenu_icon": {
                                                    "value": "fas fa-angle-down",
                                                    "library": "fa-solid"
                                                },
                                                "full_width": "stretch",
                                                "padding_horizontal_menu_item": {
                                                    "unit": "px",
                                                    "size": 0,
                                                    "sizes": []
                                                },
                                                "padding_vertical_menu_item": {
                                                    "unit": "px",
                                                    "size": 16,
                                                    "sizes": []
                                                },
                                                "menu_space_between": {
                                                    "unit": "px",
                                                    "size": 35,
                                                    "sizes": []
                                                },
                                                "__globals__": {
                                                    "menu_typography_typography": "globals\/typography?id=520c191",
                                                    "color_menu_item": "globals\/colors?id=text",
                                                    "color_menu_item_hover": "globals\/colors?id=text",
                                                    "dropdown_typography_typography": "globals\/typography?id=520c191",
                                                    "color_dropdown_item": "globals\/colors?id=primary",
                                                    "background_color_dropdown_item": "globals\/colors?id=text",
                                                    "color_dropdown_item_hover": "globals\/colors?id=text",
                                                    "background_color_dropdown_item_hover": "globals\/colors?id=d49ac81",
                                                    "toggle_color": "globals\/colors?id=text",
                                                    "toggle_color_hover": "globals\/colors?id=text",
                                                    "toggle_background_color_hover": ""
                                                },
                                                "toggle_icon_normal": {
                                                    "value": " ti-menu",
                                                    "library": "skb_cife-themify-icon"
                                                },
                                                "toggle_icon_active": {
                                                    "value": "icofont icofont-close",
                                                    "library": "skb_cife-icofont-icon"
                                                },
                                                "menu_typography_typography": "custom",
                                                "menu_typography_font_family": "Inter",
                                                "menu_typography_font_size": {
                                                    "unit": "px",
                                                    "size": 14,
                                                    "sizes": []
                                                },
                                                "menu_typography_font_size_tablet": {
                                                    "unit": "px",
                                                    "size": 13,
                                                    "sizes": []
                                                },
                                                "menu_typography_font_size_mobile": {
                                                    "unit": "px",
                                                    "size": 12,
                                                    "sizes": []
                                                },
                                                "menu_typography_font_weight": "500",
                                                "menu_typography_line_height": {
                                                    "unit": "em",
                                                    "size": 1.5,
                                                    "sizes": []
                                                },
                                                "menu_typography_word_spacing": {
                                                    "unit": "em",
                                                    "size": "",
                                                    "sizes": []
                                                },
                                                "color_menu_item": "#FFFFFF",
                                                "color_menu_item_hover": "#4866BC",
                                                "color_dropdown_item": "#333333",
                                                "background_color_dropdown_item": "#FFFFFF",
                                                "color_dropdown_item_hover": "#FFFFFF",
                                                "background_color_dropdown_item_hover": "#212121",
                                                "dropdown_typography_typography": "custom",
                                                "dropdown_typography_font_family": "Inter",
                                                "dropdown_typography_font_size": {
                                                    "unit": "px",
                                                    "size": 14,
                                                    "sizes": []
                                                },
                                                "dropdown_typography_font_size_tablet": {
                                                    "unit": "px",
                                                    "size": 13,
                                                    "sizes": []
                                                },
                                                "dropdown_typography_font_size_mobile": {
                                                    "unit": "px",
                                                    "size": 12,
                                                    "sizes": []
                                                },
                                                "dropdown_typography_font_weight": "500",
                                                "dropdown_typography_word_spacing": {
                                                    "unit": "em",
                                                    "size": "",
                                                    "sizes": []
                                                },
                                                "dropdown_border_radius": {
                                                    "unit": "px",
                                                    "top": "10",
                                                    "right": "10",
                                                    "bottom": "10",
                                                    "left": "10",
                                                    "isLinked": true
                                                },
                                                "dropdown_box_shadow_box_shadow_type": "yes",
                                                "dropdown_box_shadow_box_shadow": {
                                                    "horizontal": 0,
                                                    "vertical": 30,
                                                    "blur": 60,
                                                    "spread": 0,
                                                    "color": "rgba(0, 0, 0, 0.1)"
                                                },
                                                "toggle_color": "#FFFFFF",
                                                "toggle_background_color": "#02010100",
                                                "toggle_color_hover": "#4866BC",
                                                "toggle_background_color_hover": "#FFFFFF0D",
                                                "toggle_size_tablet": {
                                                    "unit": "px",
                                                    "size": 28,
                                                    "sizes": []
                                                },
                                                "dropdown_typography_line_height": {
                                                    "unit": "em",
                                                    "size": 1.5,
                                                    "sizes": []
                                                },
                                                "dropdown_typography_line_height_tablet": {
                                                    "unit": "em",
                                                    "size": "",
                                                    "sizes": []
                                                },
                                                "dropdown_typography_line_height_mobile": {
                                                    "unit": "em",
                                                    "size": "",
                                                    "sizes": []
                                                }
                                            },
                                            "elements": [],
                                            "isInner": false,
                                            "widgetType": "nav-menu",
                                            "elType": "widget"
                                        }
                                    ],
                                    "isInner": true,
                                    "elType": "column"
                                }
                            ],
                            "isInner": true,
                            "elType": "section"
                        }
                    ],
                    "isInner": false,
                    "elType": "column"
                },
                {
                    "id": "146836bf",
                    "settings": {
                        "_column_size": 50,
                        "_inline_size": 15,
                        "_inline_size_tablet": 25,
                        "hide_mobile": "hidden-mobile"
                    },
                    "elements": [
                        {
                            "id": "f9b40ea",
                            "settings": {
                                "text": "Consultation",
                                "align": "right",
                                "selected_icon": {
                                    "value": "mdi mdi-message-processing-outline",
                                    "library": "skb_cife-materialdesign-icon"
                                },
                                "icon_align": "right",
                                "icon_indent": {
                                    "unit": "px",
                                    "size": 7,
                                    "sizes": []
                                }
                            },
                            "elements": [],
                            "isInner": false,
                            "widgetType": "button",
                            "elType": "widget"
                        }
                    ],
                    "isInner": false,
                    "elType": "column"
                }
            ],
            "isInner": false,
            "elType": "section"
        }
    ]
}