{
    "version": "0.4",
    "title": "Mentheer &#8211; Single post",
    "type": "single-post",
    "metadata": {
        "template_type": "single-post",
        "include_in_zip": "1",
        "elementor_pro_required": "1",
        "elementor_library_type": "single-post",
        "elementor_pro_conditions": [
            "include\/singular\/post"
        ],
        "additional_template_information": [
            "This is a \"Single Post\" template for Elementor Pro.",
            "This template will display on: Posts."
        ],
        "wp_page_template": "default"
    },
    "content": [
        {
            "id": "2b926a77",
            "settings": {
                "background_background": "classic",
                "background_gradient_angle": {
                    "unit": "deg",
                    "size": 135,
                    "sizes": []
                },
                "background_overlay_background": "gradient",
                "background_overlay_image": {
                    "url": "",
                    "id": "",
                    "alt": "Reading the business news",
                    "source": "library"
                },
                "background_overlay_position": "center center",
                "background_overlay_repeat": "no-repeat",
                "background_overlay_size": "cover",
                "background_overlay_opacity": {
                    "unit": "px",
                    "size": 1,
                    "sizes": []
                },
                "padding": {
                    "unit": "%",
                    "top": "7",
                    "right": "0",
                    "bottom": "0",
                    "left": "0",
                    "isLinked": false
                },
                "padding_tablet": {
                    "unit": "em",
                    "top": "7",
                    "right": "0",
                    "bottom": "0",
                    "left": "0",
                    "isLinked": false
                },
                "padding_mobile": {
                    "unit": "em",
                    "top": "",
                    "right": "",
                    "bottom": "",
                    "left": "",
                    "isLinked": true
                },
                "__globals__": {
                    "background_color": "",
                    "background_color_b": "globals\/colors?id=639e8dd",
                    "background_overlay_color": "globals\/colors?id=bb890b8",
                    "background_overlay_color_b": ""
                },
                "background_color_b": "#4866BC",
                "background_image": {
                    "url": "https:\/\/newkit.moxcreative.com\/mentheer\/wp-content\/uploads\/sites\/31\/2022\/09\/mental-health-and-counseling.jpg",
                    "id": 77,
                    "alt": "Mental Health And Counseling",
                    "source": "library"
                },
                "background_position": "center center",
                "background_repeat": "no-repeat",
                "background_size": "cover",
                "background_overlay_color": "#653399",
                "background_overlay_color_stop": {
                    "unit": "%",
                    "size": 20,
                    "sizes": []
                },
                "background_overlay_color_b": "#4866BC2B",
                "background_overlay_gradient_angle": {
                    "unit": "deg",
                    "size": 135,
                    "sizes": []
                },
                "__dynamic__": {
                    "background_image": "[elementor-tag id=\"bb64cca\" name=\"post-featured-image\" settings=\"%7B%7D\"]"
                },
                "shape_divider_bottom": "waves",
                "shape_divider_bottom_width": {
                    "unit": "%",
                    "size": 150,
                    "sizes": []
                },
                "shape_divider_bottom_width_mobile": {
                    "unit": "%",
                    "size": 100,
                    "sizes": []
                },
                "shape_divider_bottom_height": {
                    "unit": "px",
                    "size": 115,
                    "sizes": []
                },
                "shape_divider_bottom_height_tablet": {
                    "unit": "px",
                    "size": 65,
                    "sizes": []
                },
                "shape_divider_bottom_height_mobile": {
                    "unit": "px",
                    "size": 35,
                    "sizes": []
                }
            },
            "elements": [
                {
                    "id": "4adc5b17",
                    "settings": {
                        "_column_size": 100,
                        "_inline_size": null,
                        "padding": {
                            "unit": "px",
                            "top": "0",
                            "right": "0",
                            "bottom": "0",
                            "left": "0",
                            "isLinked": false
                        }
                    },
                    "elements": [
                        {
                            "id": "53f512bd",
                            "settings": {
                                "padding": {
                                    "unit": "em",
                                    "top": "10",
                                    "right": "0",
                                    "bottom": "7",
                                    "left": "0",
                                    "isLinked": false
                                },
                                "padding_tablet": {
                                    "unit": "em",
                                    "top": "7",
                                    "right": "0",
                                    "bottom": "5",
                                    "left": "0",
                                    "isLinked": false
                                },
                                "padding_mobile": {
                                    "unit": "em",
                                    "top": "7",
                                    "right": "0",
                                    "bottom": "3",
                                    "left": "0",
                                    "isLinked": false
                                }
                            },
                            "elements": [
                                {
                                    "id": "7b648d15",
                                    "settings": {
                                        "_column_size": 100,
                                        "_inline_size": null,
                                        "padding": {
                                            "unit": "em",
                                            "top": "2",
                                            "right": "2",
                                            "bottom": "2",
                                            "left": "2",
                                            "isLinked": true
                                        },
                                        "padding_tablet": {
                                            "unit": "em",
                                            "top": "",
                                            "right": "",
                                            "bottom": "",
                                            "left": "",
                                            "isLinked": true
                                        },
                                        "padding_mobile": {
                                            "unit": "em",
                                            "top": "1",
                                            "right": "1",
                                            "bottom": "1",
                                            "left": "1",
                                            "isLinked": true
                                        }
                                    },
                                    "elements": [
                                        {
                                            "id": "2ae9e36c",
                                            "settings": {
                                                "title": "Add Your Heading Text Here",
                                                "header_size": "h6",
                                                "align": "center",
                                                "_animation": "fadeInDown",
                                                "animation_duration": "slow",
                                                "_animation_delay": 200,
                                                "__dynamic__": {
                                                    "title": "[elementor-tag id=\"1c3389e\" name=\"post-terms\" settings=\"%7B%22taxonomy%22%3A%22category%22%2C%22separator%22%3A%22%2C%20%22%7D\"]"
                                                },
                                                "__globals__": {
                                                    "title_color": "globals\/colors?id=text"
                                                }
                                            },
                                            "elements": [],
                                            "isInner": false,
                                            "widgetType": "heading",
                                            "elType": "widget"
                                        },
                                        {
                                            "id": "21928043",
                                            "settings": {
                                                "title": "Blog",
                                                "header_size": "h1",
                                                "align": "center",
                                                "_animation": "fadeInUp",
                                                "__globals__": {
                                                    "title_color": "globals\/colors?id=text"
                                                },
                                                "__dynamic__": {
                                                    "title": "[elementor-tag id=\"bd8cb13\" name=\"post-title\" settings=\"%7B%7D\"]"
                                                }
                                            },
                                            "elements": [],
                                            "isInner": false,
                                            "widgetType": "heading",
                                            "elType": "widget"
                                        },
                                        {
                                            "id": "57876316",
                                            "settings": {
                                                "icon_list": [
                                                    {
                                                        "selected_icon": {
                                                            "value": "far fa-calendar-alt",
                                                            "library": "fa-regular"
                                                        },
                                                        "_id": "cfce6fc",
                                                        "custom_date_format": "F j, Y",
                                                        "custom_time_format": "g:i a",
                                                        "show_icon": "custom"
                                                    },
                                                    {
                                                        "type": "comments",
                                                        "selected_icon": {
                                                            "value": "mdi mdi-message-processing-outline",
                                                            "library": "skb_cife-materialdesign-icon"
                                                        },
                                                        "_id": "b84e654",
                                                        "custom_date_format": "F j, Y",
                                                        "custom_time_format": "g:i a",
                                                        "show_icon": "custom"
                                                    }
                                                ],
                                                "icon_align": "center",
                                                "icon_size": {
                                                    "unit": "px",
                                                    "size": 16,
                                                    "sizes": []
                                                },
                                                "__globals__": {
                                                    "icon_color": "globals\/colors?id=text",
                                                    "text_color": "globals\/colors?id=text"
                                                }
                                            },
                                            "elements": [],
                                            "isInner": false,
                                            "widgetType": "post-info",
                                            "elType": "widget"
                                        }
                                    ],
                                    "isInner": true,
                                    "elType": "column"
                                }
                            ],
                            "isInner": true,
                            "elType": "section"
                        }
                    ],
                    "isInner": false,
                    "elType": "column"
                }
            ],
            "isInner": false,
            "elType": "section"
        },
        {
            "id": "31ba41b8",
            "settings": {
                "structure": "22",
                "padding": {
                    "unit": "em",
                    "top": "3",
                    "right": "0",
                    "bottom": "7",
                    "left": "0",
                    "isLinked": false
                },
                "padding_tablet": {
                    "unit": "em",
                    "top": "1",
                    "right": "0",
                    "bottom": "3",
                    "left": "0",
                    "isLinked": false
                },
                "padding_mobile": {
                    "unit": "em",
                    "top": "0",
                    "right": "0",
                    "bottom": "2",
                    "left": "0",
                    "isLinked": false
                }
            },
            "elements": [
                {
                    "id": "e2ccf5b",
                    "settings": {
                        "_column_size": 66,
                        "_inline_size": 70,
                        "_inline_size_tablet": 100,
                        "padding": {
                            "unit": "em",
                            "top": "2",
                            "right": "2",
                            "bottom": "2",
                            "left": "2",
                            "isLinked": true
                        },
                        "padding_tablet": {
                            "unit": "em",
                            "top": "",
                            "right": "",
                            "bottom": "",
                            "left": "",
                            "isLinked": true
                        },
                        "padding_mobile": {
                            "unit": "em",
                            "top": "1",
                            "right": "1",
                            "bottom": "1",
                            "left": "1",
                            "isLinked": true
                        }
                    },
                    "elements": [
                        {
                            "id": "5523813a",
                            "settings": [],
                            "elements": [],
                            "isInner": false,
                            "widgetType": "theme-post-content",
                            "elType": "widget"
                        },
                        {
                            "id": "1c53c891",
                            "settings": {
                                "share_buttons": [
                                    {
                                        "_id": "210ee46"
                                    },
                                    {
                                        "button": "pinterest",
                                        "_id": "a50c4e1"
                                    },
                                    {
                                        "button": "twitter",
                                        "_id": "b999a24"
                                    },
                                    {
                                        "button": "linkedin",
                                        "_id": "152db11"
                                    }
                                ],
                                "skin": "flat",
                                "shape": "circle",
                                "columns": "4",
                                "columns_mobile": "2",
                                "color_source": "custom",
                                "__globals__": {
                                    "primary_color": "globals\/colors?id=d49ac81",
                                    "secondary_color": "globals\/colors?id=text",
                                    "typography_typography": "globals\/typography?id=520c191",
                                    "primary_color_hover": "globals\/colors?id=332724a",
                                    "secondary_color_hover": "globals\/colors?id=text"
                                }
                            },
                            "elements": [],
                            "isInner": false,
                            "widgetType": "share-buttons",
                            "elType": "widget"
                        },
                        {
                            "id": "27e1f171",
                            "settings": {
                                "author_name": "John Doe",
                                "author_name_tag": "h5",
                                "author_bio": "Lorem ipsum dolor sit amet consectetur adipiscing elit dolor",
                                "link_text": "All Posts",
                                "image_size": {
                                    "unit": "px",
                                    "size": 70,
                                    "sizes": []
                                },
                                "image_size_mobile": {
                                    "unit": "px",
                                    "size": 49,
                                    "sizes": []
                                },
                                "image_gap": {
                                    "unit": "px",
                                    "size": 21,
                                    "sizes": []
                                },
                                "image_gap_mobile": {
                                    "unit": "px",
                                    "size": 14,
                                    "sizes": []
                                },
                                "_padding": {
                                    "unit": "em",
                                    "top": "1",
                                    "right": "1",
                                    "bottom": "1",
                                    "left": "1",
                                    "isLinked": true
                                },
                                "_padding_tablet": {
                                    "unit": "em",
                                    "top": "",
                                    "right": "",
                                    "bottom": "",
                                    "left": "",
                                    "isLinked": true
                                },
                                "_padding_mobile": {
                                    "unit": "em",
                                    "top": "",
                                    "right": "",
                                    "bottom": "",
                                    "left": "",
                                    "isLinked": true
                                },
                                "_background_background": "classic",
                                "_background_gradient_angle": {
                                    "unit": "deg",
                                    "size": 135,
                                    "sizes": []
                                },
                                "_border_radius": {
                                    "unit": "px",
                                    "top": "10",
                                    "right": "10",
                                    "bottom": "10",
                                    "left": "10",
                                    "isLinked": true
                                },
                                "__globals__": {
                                    "bio_typography_typography": "globals\/typography?id=69c152f",
                                    "_background_color": "globals\/colors?id=cfa1f76",
                                    "_background_color_b": "globals\/colors?id=cfa1f76"
                                }
                            },
                            "elements": [],
                            "isInner": false,
                            "widgetType": "author-box",
                            "elType": "widget"
                        },
                        {
                            "id": "33506e25",
                            "settings": {
                                "_skin": "theme_comments"
                            },
                            "elements": [],
                            "isInner": false,
                            "widgetType": "post-comments",
                            "elType": "widget"
                        }
                    ],
                    "isInner": false,
                    "elType": "column"
                },
                {
                    "id": "32f8e519",
                    "settings": {
                        "_column_size": 33,
                        "_inline_size": 29.332999999999998408384271897375583648681640625,
                        "_inline_size_tablet": 100
                    },
                    "elements": [
                        {
                            "id": "669d7644",
                            "settings": {
                                "background_background": "gradient",
                                "background_gradient_angle": {
                                    "unit": "deg",
                                    "size": 135,
                                    "sizes": []
                                },
                                "border_radius": {
                                    "unit": "px",
                                    "top": "10",
                                    "right": "10",
                                    "bottom": "10",
                                    "left": "10",
                                    "isLinked": true
                                },
                                "margin": {
                                    "unit": "em",
                                    "top": "0",
                                    "right": 0,
                                    "bottom": "2",
                                    "left": 0,
                                    "isLinked": false
                                },
                                "margin_tablet": {
                                    "unit": "em",
                                    "top": "",
                                    "right": "",
                                    "bottom": "",
                                    "left": "",
                                    "isLinked": true
                                },
                                "margin_mobile": {
                                    "unit": "em",
                                    "top": "",
                                    "right": "",
                                    "bottom": "",
                                    "left": "",
                                    "isLinked": true
                                },
                                "__globals__": {
                                    "background_color": "globals\/colors?id=bb890b8",
                                    "background_color_b": "globals\/colors?id=639e8dd"
                                }
                            },
                            "elements": [
                                {
                                    "id": "41fb3c0",
                                    "settings": {
                                        "_column_size": 100,
                                        "_inline_size": null,
                                        "padding": {
                                            "unit": "em",
                                            "top": "2",
                                            "right": "2",
                                            "bottom": "2",
                                            "left": "2",
                                            "isLinked": true
                                        },
                                        "padding_tablet": {
                                            "unit": "em",
                                            "top": "",
                                            "right": "",
                                            "bottom": "",
                                            "left": "",
                                            "isLinked": true
                                        },
                                        "padding_mobile": {
                                            "unit": "em",
                                            "top": "",
                                            "right": "",
                                            "bottom": "",
                                            "left": "",
                                            "isLinked": true
                                        }
                                    },
                                    "elements": [
                                        {
                                            "id": "58eedbf4",
                                            "settings": {
                                                "placeholder": "Search...",
                                                "button_text": "Search",
                                                "input_border_color": "#02010100",
                                                "button_border_width": {
                                                    "unit": "px",
                                                    "top": "0",
                                                    "right": "0",
                                                    "bottom": "0",
                                                    "left": "0",
                                                    "isLinked": true
                                                },
                                                "border_radius": {
                                                    "unit": "px",
                                                    "size": 30,
                                                    "sizes": []
                                                },
                                                "button_width": {
                                                    "unit": "px",
                                                    "size": 1.1999999999999999555910790149937383830547332763671875,
                                                    "sizes": []
                                                },
                                                "_border_width": {
                                                    "unit": "px",
                                                    "top": "0",
                                                    "right": "0",
                                                    "bottom": "0",
                                                    "left": "0",
                                                    "isLinked": true
                                                },
                                                "__globals__": {
                                                    "button_text_color": "globals\/colors?id=text",
                                                    "button_background_color": "globals\/colors?id=d49ac81",
                                                    "button_text_color_hover": "globals\/colors?id=text",
                                                    "button_background_color_hover": "globals\/colors?id=332724a",
                                                    "input_background_color": "globals\/colors?id=cfa1f76",
                                                    "input_typography_typography": "globals\/typography?id=b2ce6af"
                                                }
                                            },
                                            "elements": [],
                                            "isInner": false,
                                            "widgetType": "search-form",
                                            "elType": "widget"
                                        }
                                    ],
                                    "isInner": true,
                                    "elType": "column"
                                }
                            ],
                            "isInner": true,
                            "elType": "section"
                        },
                        {
                            "id": "7fd9f8fa",
                            "settings": {
                                "background_background": "classic",
                                "border_radius": {
                                    "unit": "px",
                                    "top": "10",
                                    "right": "10",
                                    "bottom": "10",
                                    "left": "10",
                                    "isLinked": true
                                },
                                "padding": {
                                    "unit": "em",
                                    "top": "",
                                    "right": "",
                                    "bottom": "",
                                    "left": "",
                                    "isLinked": true
                                },
                                "padding_tablet": {
                                    "unit": "em",
                                    "top": "",
                                    "right": "",
                                    "bottom": "",
                                    "left": "",
                                    "isLinked": true
                                },
                                "padding_mobile": {
                                    "unit": "em",
                                    "top": "",
                                    "right": "",
                                    "bottom": "",
                                    "left": "",
                                    "isLinked": true
                                },
                                "__globals__": {
                                    "background_color": "globals\/colors?id=cfa1f76"
                                }
                            },
                            "elements": [
                                {
                                    "id": "38cbcd07",
                                    "settings": {
                                        "_column_size": 100,
                                        "_inline_size": null,
                                        "padding": {
                                            "unit": "em",
                                            "top": "2",
                                            "right": "2",
                                            "bottom": "2",
                                            "left": "2",
                                            "isLinked": true
                                        },
                                        "padding_tablet": {
                                            "unit": "em",
                                            "top": "",
                                            "right": "",
                                            "bottom": "",
                                            "left": "",
                                            "isLinked": true
                                        },
                                        "padding_mobile": {
                                            "unit": "em",
                                            "top": "1",
                                            "right": "1",
                                            "bottom": "1",
                                            "left": "1",
                                            "isLinked": true
                                        }
                                    },
                                    "elements": [
                                        {
                                            "id": "50d00897",
                                            "settings": {
                                                "title": "Latest Post",
                                                "header_size": "h3"
                                            },
                                            "elements": [],
                                            "isInner": false,
                                            "widgetType": "heading",
                                            "elType": "widget"
                                        },
                                        {
                                            "id": "3068c725",
                                            "settings": {
                                                "classic_columns": "1",
                                                "classic_thumbnail": "left",
                                                "classic_item_ratio": {
                                                    "unit": "px",
                                                    "size": 1,
                                                    "sizes": []
                                                },
                                                "classic_item_ratio_mobile": {
                                                    "unit": "px",
                                                    "size": 1,
                                                    "sizes": []
                                                },
                                                "classic_image_width": {
                                                    "unit": "%",
                                                    "size": 30,
                                                    "sizes": []
                                                },
                                                "classic_image_width_mobile": {
                                                    "unit": "%",
                                                    "size": 30,
                                                    "sizes": []
                                                },
                                                "classic_title_tag": "div",
                                                "classic_show_excerpt": "",
                                                "classic_meta_data": [
                                                    "date"
                                                ],
                                                "classic_meta_separator": ".",
                                                "classic_show_read_more": "",
                                                "classic_read_more_text": "Read More \u00bb",
                                                "cards_meta_separator": "\u2022",
                                                "cards_read_more_text": "Read More \u00bb",
                                                "full_content_meta_separator": "\/\/\/",
                                                "classic_column_gap": {
                                                    "unit": "px",
                                                    "size": 14,
                                                    "sizes": []
                                                },
                                                "classic_row_gap": {
                                                    "unit": "px",
                                                    "size": 14,
                                                    "sizes": []
                                                },
                                                "classic_img_border_radius": {
                                                    "unit": "px",
                                                    "top": "10",
                                                    "right": "10",
                                                    "bottom": "10",
                                                    "left": "10",
                                                    "isLinked": true
                                                },
                                                "classic_image_spacing": {
                                                    "unit": "px",
                                                    "size": 14,
                                                    "sizes": []
                                                },
                                                "classic_title_spacing": {
                                                    "unit": "px",
                                                    "size": 7,
                                                    "sizes": []
                                                },
                                                "pagination_page_limit": "5",
                                                "pagination_prev_label": "&laquo; Previous",
                                                "pagination_next_label": "Next &raquo;",
                                                "text": "Load More",
                                                "load_more_no_posts_custom_message": "No more posts to show",
                                                "__globals__": {
                                                    "classic_title_typography_typography": "globals\/typography?id=520c191",
                                                    "classic_meta_typography_typography": "globals\/typography?id=112b6c4"
                                                }
                                            },
                                            "elements": [],
                                            "isInner": false,
                                            "widgetType": "posts",
                                            "elType": "widget"
                                        }
                                    ],
                                    "isInner": true,
                                    "elType": "column"
                                }
                            ],
                            "isInner": true,
                            "elType": "section"
                        }
                    ],
                    "isInner": false,
                    "elType": "column"
                }
            ],
            "isInner": false,
            "elType": "section"
        }
    ]
}