{
    "version": "0.4",
    "title": "Appointment",
    "type": "page",
    "metadata": {
        "template_type": "single-page",
        "include_in_zip": "1",
        "elementor_pro_required": null,
        "wp_page_template": "elementor_canvas"
    },
    "content": [
        {
            "id": "586d2c76",
            "settings": {
                "flex_direction": "column",
                "padding": {
                    "unit": "px",
                    "top": "100",
                    "right": "0",
                    "bottom": "0",
                    "left": "0",
                    "isLinked": false
                },
                "padding_tablet": {
                    "unit": "px",
                    "top": "100",
                    "right": "20",
                    "bottom": "100",
                    "left": "20",
                    "isLinked": false
                },
                "padding_mobile": {
                    "unit": "px",
                    "top": "50",
                    "right": "10",
                    "bottom": "50",
                    "left": "10",
                    "isLinked": false
                },
                "_title": "Hero",
                "margin": {
                    "unit": "px",
                    "top": "0",
                    "right": "0",
                    "bottom": "0",
                    "left": "0",
                    "isLinked": false
                },
                "z_index": 1,
                "__globals__": {
                    "background_color": ""
                }
            },
            "elements": [
                {
                    "id": "96ed5f9",
                    "settings": {
                        "min_height": {
                            "unit": "px",
                            "size": 350,
                            "sizes": []
                        },
                        "flex_justify_content": "center",
                        "flex_align_items": "center",
                        "flex_gap": {
                            "column": "10",
                            "row": "10",
                            "isLinked": true,
                            "unit": "px",
                            "size": 10
                        },
                        "background_background": "classic",
                        "background_image": {
                            "id": 221,
                            "url": "https:\/\/kits.typstd.com\/psykit\/wp-content\/uploads\/sites\/16\/2023\/10\/counselor-with-paper-2021-09-24-04-00-21-utc.webp",
                            "alt": "",
                            "source": "library",
                            "size": ""
                        },
                        "background_attachment": "fixed",
                        "background_size": "cover",
                        "background_overlay_background": "gradient",
                        "border_radius": {
                            "unit": "px",
                            "top": "25",
                            "right": "25",
                            "bottom": "25",
                            "left": "25",
                            "isLinked": true
                        },
                        "__globals__": {
                            "background_overlay_color": "globals\/colors?id=primary",
                            "background_overlay_color_b": "globals\/colors?id=3241d62"
                        },
                        "background_overlay_gradient_angle": {
                            "unit": "deg",
                            "size": 360,
                            "sizes": []
                        }
                    },
                    "elements": [
                        {
                            "id": "391af4c4",
                            "settings": {
                                "title": "Appointment",
                                "__globals__": {
                                    "title_color": "globals\/colors?id=3facd0c",
                                    "typography_typography": "globals\/typography?id=text"
                                },
                                "align_mobile": "center",
                                "align": "center",
                                "_animation": "fadeInUp",
                                "_animation_delay": 100
                            },
                            "elements": [],
                            "isInner": false,
                            "widgetType": "heading",
                            "elType": "widget"
                        },
                        {
                            "id": "558b5ecd",
                            "settings": {
                                "flex_direction": "row",
                                "flex_justify_content": "center",
                                "flex_gap": {
                                    "column": "20",
                                    "row": "20",
                                    "isLinked": true,
                                    "unit": "px",
                                    "size": 20
                                },
                                "animation": "fadeInUp",
                                "animation_delay": 200
                            },
                            "elements": [
                                {
                                    "id": "31fc79fe",
                                    "settings": {
                                        "title": "Home",
                                        "__globals__": {
                                            "title_color": "globals\/colors?id=3facd0c",
                                            "typography_typography": "globals\/typography?id=fae77b1"
                                        },
                                        "align_mobile": "center",
                                        "align": "center"
                                    },
                                    "elements": [],
                                    "isInner": false,
                                    "widgetType": "heading",
                                    "elType": "widget"
                                },
                                {
                                    "id": "61adc21f",
                                    "settings": {
                                        "title": "\/",
                                        "__globals__": {
                                            "title_color": "globals\/colors?id=3facd0c",
                                            "typography_typography": "globals\/typography?id=fae77b1"
                                        },
                                        "align_mobile": "center",
                                        "align": "center"
                                    },
                                    "elements": [],
                                    "isInner": false,
                                    "widgetType": "heading",
                                    "elType": "widget"
                                },
                                {
                                    "id": "42511e80",
                                    "settings": {
                                        "title": "Appointment",
                                        "__globals__": {
                                            "title_color": "globals\/colors?id=3facd0c",
                                            "typography_typography": "globals\/typography?id=fae77b1"
                                        },
                                        "align_mobile": "center",
                                        "align": "center"
                                    },
                                    "elements": [],
                                    "isInner": false,
                                    "widgetType": "heading",
                                    "elType": "widget"
                                }
                            ],
                            "isInner": true,
                            "elType": "container"
                        }
                    ],
                    "isInner": true,
                    "elType": "container"
                }
            ],
            "isInner": false,
            "elType": "container"
        },
        {
            "id": "55bbc282",
            "settings": {
                "flex_gap": {
                    "unit": "px",
                    "size": 0,
                    "column": "0",
                    "row": "0",
                    "isLinked": true
                },
                "custom_height": {
                    "unit": "vh",
                    "size": 70,
                    "sizes": []
                },
                "custom_height_tablet": {
                    "unit": "vh",
                    "size": "",
                    "sizes": []
                },
                "custom_height_mobile": {
                    "unit": "vh",
                    "size": "",
                    "sizes": []
                },
                "content_position": "middle",
                "structure": "20",
                "padding": {
                    "unit": "px",
                    "top": "100",
                    "right": "0",
                    "bottom": "100",
                    "left": "0",
                    "isLinked": false
                },
                "reverse_order_mobile": "reverse-mobile",
                "padding_tablet": {
                    "unit": "px",
                    "top": "150",
                    "right": "20",
                    "bottom": "100",
                    "left": "20",
                    "isLinked": false
                },
                "__globals__": {
                    "background_color": "globals\/colors?id=secondary",
                    "background_color_b": "globals\/colors?id=3facd0c"
                },
                "flex_direction": "row",
                "padding_mobile": {
                    "unit": "px",
                    "top": "150",
                    "right": "10",
                    "bottom": "50",
                    "left": "10",
                    "isLinked": false
                },
                "_title": "Appointment",
                "background_background": "gradient"
            },
            "elements": [
                {
                    "id": "1b57bcde",
                    "settings": {
                        "_column_size": 50,
                        "width": {
                            "unit": "%",
                            "size": ""
                        },
                        "content_width": "full",
                        "flex_direction": "column",
                        "flex_justify_content": "flex-end",
                        "margin_mobile": {
                            "unit": "px",
                            "top": "0",
                            "right": "0",
                            "bottom": "20",
                            "left": "0",
                            "isLinked": false
                        },
                        "animation": "fadeInUp",
                        "animation_delay": 200,
                        "margin_tablet": {
                            "unit": "px",
                            "top": "0",
                            "right": "0",
                            "bottom": "50",
                            "left": "0",
                            "isLinked": false
                        },
                        "__globals__": {
                            "background_color": "globals\/colors?id=3facd0c"
                        },
                        "_flex_order_mobile": "end",
                        "min_height_tablet": {
                            "unit": "px",
                            "size": 400,
                            "sizes": []
                        },
                        "background_background": "classic",
                        "background_image": {
                            "id": 227,
                            "url": "https:\/\/kits.typstd.com\/psykit\/wp-content\/uploads\/sites\/16\/2023\/10\/beautiful-female-psychiatrist-posing-in-office-2021-09-24-03-47-49-utc.webp",
                            "alt": "",
                            "source": "library",
                            "size": ""
                        },
                        "background_position": "center center",
                        "background_repeat": "no-repeat",
                        "background_size": "cover",
                        "border_radius": {
                            "unit": "px",
                            "top": "25",
                            "right": "25",
                            "bottom": "25",
                            "left": "25",
                            "isLinked": true
                        },
                        "margin": {
                            "unit": "px",
                            "top": "0",
                            "right": "50",
                            "bottom": "0",
                            "left": "0",
                            "isLinked": false
                        }
                    },
                    "elements": [
                        {
                            "id": "2ab38264",
                            "settings": {
                                "flex_direction": "column",
                                "flex_align_content": "flex-end",
                                "position": "absolute",
                                "_offset_x": {
                                    "unit": "px",
                                    "size": 25,
                                    "sizes": []
                                },
                                "_offset_y": {
                                    "unit": "px",
                                    "size": 170,
                                    "sizes": []
                                },
                                "z_index": 2,
                                "__globals__": {
                                    "background_color": "globals\/colors?id=primary",
                                    "background_overlay_color": "globals\/colors?id=primary"
                                },
                                "content_width": "full",
                                "width": {
                                    "unit": "%",
                                    "size": 30,
                                    "sizes": []
                                },
                                "border_radius": {
                                    "unit": "px",
                                    "top": "10",
                                    "right": "10",
                                    "bottom": "10",
                                    "left": "10",
                                    "isLinked": true
                                },
                                "box_shadow_box_shadow_type": "yes",
                                "box_shadow_box_shadow": {
                                    "horizontal": 0,
                                    "vertical": 0,
                                    "blur": 10,
                                    "spread": 0,
                                    "color": "rgba(0, 0, 0, 0.1)"
                                },
                                "animation": "fadeInUp",
                                "animation_delay": 400,
                                "width_mobile": {
                                    "unit": "%",
                                    "size": 60,
                                    "sizes": []
                                },
                                "_offset_x_mobile": {
                                    "unit": "px",
                                    "size": 20,
                                    "sizes": []
                                },
                                "_offset_y_tablet": {
                                    "unit": "px",
                                    "size": 85,
                                    "sizes": []
                                },
                                "_offset_y_mobile": {
                                    "unit": "px",
                                    "size": 90,
                                    "sizes": []
                                },
                                "_offset_orientation_v": "end",
                                "_offset_y_end": {
                                    "unit": "px",
                                    "size": 25,
                                    "sizes": []
                                },
                                "_offset_x_end": {
                                    "unit": "px",
                                    "size": -90.8,
                                    "sizes": []
                                },
                                "_offset_x_end_mobile": {
                                    "unit": "px",
                                    "size": 70,
                                    "sizes": []
                                },
                                "background_overlay_background": "classic",
                                "background_overlay_opacity": {
                                    "unit": "px",
                                    "size": 0.8,
                                    "sizes": []
                                },
                                "width_tablet": {
                                    "unit": "%",
                                    "size": 80,
                                    "sizes": []
                                },
                                "_offset_x_end_tablet": {
                                    "unit": "px",
                                    "size": -70,
                                    "sizes": []
                                },
                                "_offset_y_end_tablet": {
                                    "unit": "px",
                                    "size": 150,
                                    "sizes": []
                                },
                                "_offset_y_end_mobile": {
                                    "unit": "px",
                                    "size": 70,
                                    "sizes": []
                                }
                            },
                            "elements": [
                                {
                                    "id": "b8cfe5b",
                                    "settings": {
                                        "ending_number": 15,
                                        "suffix": "K +",
                                        "title": "Case Handled",
                                        "_padding": {
                                            "unit": "px",
                                            "top": "30",
                                            "right": "20",
                                            "bottom": "30",
                                            "left": "20",
                                            "isLinked": false
                                        },
                                        "_element_width": "auto",
                                        "__globals__": {
                                            "number_color": "globals\/colors?id=3facd0c",
                                            "typography_number_typography": "globals\/typography?id=secondary",
                                            "typography_title_typography": "globals\/typography?id=fae77b1",
                                            "title_color": "globals\/colors?id=3facd0c"
                                        },
                                        "_padding_tablet": {
                                            "unit": "px",
                                            "top": "10",
                                            "right": "10",
                                            "bottom": "10",
                                            "left": "10",
                                            "isLinked": true
                                        }
                                    },
                                    "elements": [],
                                    "isInner": false,
                                    "widgetType": "counter",
                                    "elType": "widget"
                                }
                            ],
                            "isInner": true,
                            "elType": "container"
                        }
                    ],
                    "isInner": true,
                    "elType": "container"
                },
                {
                    "id": "321bbb33",
                    "settings": {
                        "flex_direction": "column",
                        "content_width": "full",
                        "width": {
                            "unit": "%",
                            "size": ""
                        },
                        "flex_gap": {
                            "column": "10",
                            "row": "10",
                            "isLinked": true,
                            "unit": "px",
                            "size": 10
                        },
                        "flex_justify_content": "center",
                        "flex_align_items": "flex-start",
                        "animation": "fadeInUp",
                        "animation_delay": 100,
                        "margin": {
                            "unit": "px",
                            "top": "0",
                            "right": "0",
                            "bottom": "0",
                            "left": "0",
                            "isLinked": false
                        },
                        "min_height": {
                            "unit": "px",
                            "size": 350,
                            "sizes": []
                        },
                        "width_tablet": {
                            "unit": "%",
                            "size": 100,
                            "sizes": []
                        },
                        "width_mobile": {
                            "unit": "%",
                            "size": "",
                            "sizes": []
                        },
                        "min_height_tablet": {
                            "unit": "px",
                            "size": 150,
                            "sizes": []
                        },
                        "flex_align_items_tablet": "center",
                        "margin_tablet": {
                            "unit": "px",
                            "top": "0",
                            "right": "0",
                            "bottom": "0",
                            "left": "0",
                            "isLinked": true
                        }
                    },
                    "elements": [
                        {
                            "id": "3628d74a",
                            "settings": {
                                "title": "Appointment",
                                "__globals__": {
                                    "title_color": "globals\/colors?id=primary",
                                    "typography_typography": "globals\/typography?id=b201395"
                                },
                                "header_size": "h5"
                            },
                            "elements": [],
                            "isInner": false,
                            "widgetType": "heading",
                            "elType": "widget"
                        },
                        {
                            "id": "3e27f0b4",
                            "settings": {
                                "title": "Book Your Appointment",
                                "__globals__": {
                                    "title_color": "globals\/colors?id=accent",
                                    "typography_typography": "globals\/typography?id=text"
                                }
                            },
                            "elements": [],
                            "isInner": false,
                            "widgetType": "heading",
                            "elType": "widget"
                        },
                        {
                            "id": "69dfe0d0",
                            "settings": {
                                "__globals__": {
                                    "text_color": "globals\/colors?id=text",
                                    "typography_typography": "globals\/typography?id=61dc13c"
                                },
                                "align": "left",
                                "align_tablet": "center"
                            },
                            "elements": [],
                            "isInner": false,
                            "widgetType": "text-editor",
                            "elType": "widget"
                        },
                        {
                            "id": "28caa7be",
                            "settings": {
                                "mf_form_id": "535***1700028132474",
                                "_flex_align_self": "stretch"
                            },
                            "elements": [],
                            "isInner": false,
                            "widgetType": "metform",
                            "elType": "widget"
                        }
                    ],
                    "isInner": true,
                    "elType": "container"
                }
            ],
            "isInner": false,
            "elType": "container"
        },
        {
            "id": "5592bb12",
            "settings": {
                "flex_gap": {
                    "unit": "px",
                    "size": 0,
                    "column": "0",
                    "row": "0",
                    "isLinked": true
                },
                "custom_height": {
                    "unit": "vh",
                    "size": 50,
                    "sizes": []
                },
                "custom_height_tablet": {
                    "unit": "vw",
                    "size": "",
                    "sizes": []
                },
                "custom_height_mobile": {
                    "unit": "vw",
                    "size": "",
                    "sizes": []
                },
                "content_position": "middle",
                "structure": "30",
                "background_overlay_color_b_stop": {
                    "unit": "%",
                    "size": 45,
                    "sizes": []
                },
                "background_overlay_opacity": {
                    "unit": "px",
                    "size": 0.3,
                    "sizes": []
                },
                "padding": {
                    "unit": "px",
                    "top": "100",
                    "right": "0",
                    "bottom": "100",
                    "left": "0",
                    "isLinked": false
                },
                "__globals__": {
                    "background_overlay_color": "globals\/colors?id=primary",
                    "background_overlay_color_b": "globals\/colors?id=3241d62",
                    "background_color": "globals\/colors?id=primary",
                    "background_color_b": "globals\/colors?id=3241d62"
                },
                "padding_tablet": {
                    "unit": "px",
                    "top": "100",
                    "right": "20",
                    "bottom": "100",
                    "left": "20",
                    "isLinked": false
                },
                "reverse_order_mobile": "reverse-mobile",
                "flex_direction": "column",
                "padding_mobile": {
                    "unit": "px",
                    "top": "50",
                    "right": "10",
                    "bottom": "50",
                    "left": "10",
                    "isLinked": false
                },
                "_title": "Testimonial",
                "background_color_b_stop": {
                    "unit": "%",
                    "size": 45,
                    "sizes": []
                },
                "background_gradient_angle": {
                    "unit": "deg",
                    "size": 230,
                    "sizes": []
                },
                "background_overlay_background": "gradient",
                "background_overlay_gradient_angle": {
                    "unit": "deg",
                    "size": 200,
                    "sizes": []
                },
                "border_radius": {
                    "unit": "px",
                    "top": "0",
                    "right": "50",
                    "bottom": "0",
                    "left": "0",
                    "isLinked": false
                },
                "border_radius_mobile": {
                    "unit": "px",
                    "top": "0",
                    "right": "0",
                    "bottom": "50",
                    "left": "50",
                    "isLinked": false
                },
                "shape_divider_bottom_height": {
                    "unit": "px",
                    "size": 139,
                    "sizes": []
                }
            },
            "elements": [
                {
                    "id": "486c935a",
                    "settings": {
                        "content_width": "full",
                        "flex_direction": "row",
                        "flex_direction_tablet": "column"
                    },
                    "elements": [
                        {
                            "id": "45a1385f",
                            "settings": {
                                "content_width": "full",
                                "flex_gap": {
                                    "column": "",
                                    "row": "",
                                    "isLinked": true,
                                    "unit": "px",
                                    "size": null
                                },
                                "flex_gap_tablet": {
                                    "column": "20",
                                    "row": "20",
                                    "isLinked": true,
                                    "unit": "px",
                                    "size": 20
                                }
                            },
                            "elements": [
                                {
                                    "id": "7503716c",
                                    "settings": {
                                        "content_width": "full",
                                        "flex_direction": "row",
                                        "flex_gap": {
                                            "column": "20",
                                            "row": "20",
                                            "isLinked": true,
                                            "unit": "px",
                                            "size": 20
                                        },
                                        "margin": {
                                            "unit": "px",
                                            "top": "0",
                                            "right": "0",
                                            "bottom": "0",
                                            "left": "20",
                                            "isLinked": false
                                        },
                                        "flex_direction_tablet": "row",
                                        "margin_tablet": {
                                            "unit": "px",
                                            "top": "0",
                                            "right": "0",
                                            "bottom": "0",
                                            "left": "0",
                                            "isLinked": true
                                        },
                                        "animation": "fadeInUp",
                                        "animation_delay": 200
                                    },
                                    "elements": [
                                        {
                                            "id": "71440c40",
                                            "settings": {
                                                "content_width": "full",
                                                "flex_gap": {
                                                    "column": "20",
                                                    "row": "20",
                                                    "isLinked": true,
                                                    "unit": "px",
                                                    "size": 20
                                                },
                                                "background_background": "classic",
                                                "border_radius": {
                                                    "unit": "px",
                                                    "top": "10",
                                                    "right": "10",
                                                    "bottom": "10",
                                                    "left": "10",
                                                    "isLinked": true
                                                },
                                                "box_shadow_box_shadow_type": "yes",
                                                "box_shadow_box_shadow": {
                                                    "horizontal": 0,
                                                    "vertical": 0,
                                                    "blur": 10,
                                                    "spread": 0,
                                                    "color": "rgba(0, 0, 0, 0.2)"
                                                },
                                                "margin": {
                                                    "unit": "px",
                                                    "top": "0",
                                                    "right": "0",
                                                    "bottom": "20",
                                                    "left": "0",
                                                    "isLinked": false
                                                },
                                                "padding": {
                                                    "unit": "px",
                                                    "top": "50",
                                                    "right": "20",
                                                    "bottom": "50",
                                                    "left": "20",
                                                    "isLinked": false
                                                },
                                                "__globals__": {
                                                    "background_color": "globals\/colors?id=secondary"
                                                },
                                                "margin_tablet": {
                                                    "unit": "px",
                                                    "top": "0",
                                                    "right": "0",
                                                    "bottom": "0",
                                                    "left": "0",
                                                    "isLinked": true
                                                }
                                            },
                                            "elements": [
                                                {
                                                    "id": "6b9c10f4",
                                                    "settings": {
                                                        "image": {
                                                            "url": "https:\/\/kits.typstd.com\/psykit\/wp-content\/uploads\/sites\/16\/2023\/10\/happy-caregiver-and-senior-patient-smiling-and-loo-2023-02-23-23-11-38-utc.webp",
                                                            "id": 215,
                                                            "size": "",
                                                            "alt": "",
                                                            "source": "library"
                                                        },
                                                        "title_text": "Megayanti",
                                                        "description_text": "Lawyer",
                                                        "position": "left",
                                                        "text_align": "left",
                                                        "text_align_mobile": "center",
                                                        "image_size": {
                                                            "unit": "%",
                                                            "size": 24,
                                                            "sizes": []
                                                        },
                                                        "image_border_radius": {
                                                            "unit": "px",
                                                            "size": 100,
                                                            "sizes": []
                                                        },
                                                        "title_bottom_space": {
                                                            "unit": "px",
                                                            "size": 0,
                                                            "sizes": []
                                                        },
                                                        "__globals__": {
                                                            "title_color": "globals\/colors?id=accent",
                                                            "title_typography_typography": "globals\/typography?id=61dc13c",
                                                            "description_color": "globals\/colors?id=text",
                                                            "description_typography_typography": "globals\/typography?id=fae77b1"
                                                        },
                                                        "thumbnail_size": "custom",
                                                        "thumbnail_custom_dimension": {
                                                            "width": "300",
                                                            "height": "300"
                                                        }
                                                    },
                                                    "elements": [],
                                                    "isInner": false,
                                                    "widgetType": "image-box",
                                                    "elType": "widget"
                                                },
                                                {
                                                    "id": "41e355e1",
                                                    "settings": {
                                                        "__globals__": {
                                                            "text_color": "globals\/colors?id=text",
                                                            "typography_typography": "globals\/typography?id=fae77b1"
                                                        },
                                                        "align": "left",
                                                        "align_tablet": "center"
                                                    },
                                                    "elements": [],
                                                    "isInner": false,
                                                    "widgetType": "text-editor",
                                                    "elType": "widget"
                                                }
                                            ],
                                            "isInner": true,
                                            "elType": "container"
                                        },
                                        {
                                            "id": "6ba0002a",
                                            "settings": {
                                                "content_width": "full",
                                                "flex_gap": {
                                                    "column": "20",
                                                    "row": "20",
                                                    "isLinked": true,
                                                    "unit": "px",
                                                    "size": 20
                                                },
                                                "background_background": "classic",
                                                "border_radius": {
                                                    "unit": "px",
                                                    "top": "10",
                                                    "right": "10",
                                                    "bottom": "10",
                                                    "left": "10",
                                                    "isLinked": true
                                                },
                                                "box_shadow_box_shadow_type": "yes",
                                                "box_shadow_box_shadow": {
                                                    "horizontal": 0,
                                                    "vertical": 0,
                                                    "blur": 10,
                                                    "spread": 0,
                                                    "color": "rgba(0, 0, 0, 0.2)"
                                                },
                                                "margin": {
                                                    "unit": "px",
                                                    "top": "20",
                                                    "right": "0",
                                                    "bottom": "0",
                                                    "left": "0",
                                                    "isLinked": false
                                                },
                                                "padding": {
                                                    "unit": "px",
                                                    "top": "50",
                                                    "right": "20",
                                                    "bottom": "50",
                                                    "left": "20",
                                                    "isLinked": false
                                                },
                                                "__globals__": {
                                                    "background_color": "globals\/colors?id=primary"
                                                },
                                                "margin_tablet": {
                                                    "unit": "px",
                                                    "top": "0",
                                                    "right": "0",
                                                    "bottom": "0",
                                                    "left": "0",
                                                    "isLinked": true
                                                },
                                                "_flex_order_mobile": "start"
                                            },
                                            "elements": [
                                                {
                                                    "id": "33619ef3",
                                                    "settings": {
                                                        "image": {
                                                            "url": "https:\/\/kits.typstd.com\/psykit\/wp-content\/uploads\/sites\/16\/2023\/10\/adult-patient-with-dentist-during-a-medical-consul-2022-01-18-23-45-16-utc.webp",
                                                            "id": 217,
                                                            "size": "",
                                                            "alt": "",
                                                            "source": "library"
                                                        },
                                                        "title_text": "Maria Eva",
                                                        "description_text": "Chef",
                                                        "position": "left",
                                                        "text_align": "left",
                                                        "text_align_mobile": "center",
                                                        "image_size": {
                                                            "unit": "%",
                                                            "size": 24,
                                                            "sizes": []
                                                        },
                                                        "image_border_radius": {
                                                            "unit": "px",
                                                            "size": 100,
                                                            "sizes": []
                                                        },
                                                        "title_bottom_space": {
                                                            "unit": "px",
                                                            "size": 0,
                                                            "sizes": []
                                                        },
                                                        "__globals__": {
                                                            "title_color": "globals\/colors?id=3facd0c",
                                                            "title_typography_typography": "globals\/typography?id=61dc13c",
                                                            "description_color": "globals\/colors?id=secondary",
                                                            "description_typography_typography": "globals\/typography?id=fae77b1"
                                                        },
                                                        "thumbnail_size": "custom",
                                                        "thumbnail_custom_dimension": {
                                                            "width": "300",
                                                            "height": "300"
                                                        }
                                                    },
                                                    "elements": [],
                                                    "isInner": false,
                                                    "widgetType": "image-box",
                                                    "elType": "widget"
                                                },
                                                {
                                                    "id": "7675a470",
                                                    "settings": {
                                                        "__globals__": {
                                                            "text_color": "globals\/colors?id=secondary",
                                                            "typography_typography": "globals\/typography?id=fae77b1"
                                                        },
                                                        "align": "left",
                                                        "align_tablet": "center"
                                                    },
                                                    "elements": [],
                                                    "isInner": false,
                                                    "widgetType": "text-editor",
                                                    "elType": "widget"
                                                }
                                            ],
                                            "isInner": true,
                                            "elType": "container"
                                        }
                                    ],
                                    "isInner": true,
                                    "elType": "container"
                                },
                                {
                                    "id": "29a43c21",
                                    "settings": {
                                        "content_width": "full",
                                        "flex_direction": "row",
                                        "flex_gap": {
                                            "column": "20",
                                            "row": "20",
                                            "isLinked": true,
                                            "unit": "px",
                                            "size": 20
                                        },
                                        "margin": {
                                            "unit": "px",
                                            "top": "0",
                                            "right": "20",
                                            "bottom": "0",
                                            "left": "0",
                                            "isLinked": false
                                        },
                                        "flex_direction_tablet": "row",
                                        "margin_tablet": {
                                            "unit": "px",
                                            "top": "0",
                                            "right": "0",
                                            "bottom": "0",
                                            "left": "0",
                                            "isLinked": true
                                        },
                                        "animation": "fadeInUp",
                                        "animation_delay": 400
                                    },
                                    "elements": [
                                        {
                                            "id": "3cc3aef4",
                                            "settings": {
                                                "content_width": "full",
                                                "flex_gap": {
                                                    "column": "20",
                                                    "row": "20",
                                                    "isLinked": true,
                                                    "unit": "px",
                                                    "size": 20
                                                },
                                                "background_background": "classic",
                                                "border_radius": {
                                                    "unit": "px",
                                                    "top": "10",
                                                    "right": "10",
                                                    "bottom": "10",
                                                    "left": "10",
                                                    "isLinked": true
                                                },
                                                "box_shadow_box_shadow_type": "yes",
                                                "box_shadow_box_shadow": {
                                                    "horizontal": 0,
                                                    "vertical": 0,
                                                    "blur": 10,
                                                    "spread": 0,
                                                    "color": "rgba(0, 0, 0, 0.2)"
                                                },
                                                "margin": {
                                                    "unit": "px",
                                                    "top": "0",
                                                    "right": "0",
                                                    "bottom": "20",
                                                    "left": "0",
                                                    "isLinked": false
                                                },
                                                "padding": {
                                                    "unit": "px",
                                                    "top": "50",
                                                    "right": "20",
                                                    "bottom": "50",
                                                    "left": "20",
                                                    "isLinked": false
                                                },
                                                "__globals__": {
                                                    "background_color": "globals\/colors?id=secondary"
                                                },
                                                "margin_tablet": {
                                                    "unit": "px",
                                                    "top": "0",
                                                    "right": "0",
                                                    "bottom": "0",
                                                    "left": "0",
                                                    "isLinked": true
                                                }
                                            },
                                            "elements": [
                                                {
                                                    "id": "565459ff",
                                                    "settings": {
                                                        "image": {
                                                            "url": "https:\/\/kits.typstd.com\/psykit\/wp-content\/uploads\/sites\/16\/2023\/10\/happy-patient-and-caregiver-2021-08-31-01-09-42-utc.webp",
                                                            "id": 216,
                                                            "size": "",
                                                            "alt": "",
                                                            "source": "library"
                                                        },
                                                        "title_text": "Margaretta",
                                                        "description_text": "Accounting",
                                                        "position": "left",
                                                        "text_align": "left",
                                                        "text_align_mobile": "center",
                                                        "image_size": {
                                                            "unit": "%",
                                                            "size": 24,
                                                            "sizes": []
                                                        },
                                                        "image_border_radius": {
                                                            "unit": "px",
                                                            "size": 100,
                                                            "sizes": []
                                                        },
                                                        "title_bottom_space": {
                                                            "unit": "px",
                                                            "size": 0,
                                                            "sizes": []
                                                        },
                                                        "__globals__": {
                                                            "title_color": "globals\/colors?id=accent",
                                                            "title_typography_typography": "globals\/typography?id=61dc13c",
                                                            "description_color": "globals\/colors?id=text",
                                                            "description_typography_typography": "globals\/typography?id=fae77b1"
                                                        },
                                                        "thumbnail_size": "custom",
                                                        "thumbnail_custom_dimension": {
                                                            "width": "300",
                                                            "height": "300"
                                                        }
                                                    },
                                                    "elements": [],
                                                    "isInner": false,
                                                    "widgetType": "image-box",
                                                    "elType": "widget"
                                                },
                                                {
                                                    "id": "121e68b",
                                                    "settings": {
                                                        "__globals__": {
                                                            "text_color": "globals\/colors?id=text",
                                                            "typography_typography": "globals\/typography?id=fae77b1"
                                                        },
                                                        "align": "left",
                                                        "align_tablet": "center"
                                                    },
                                                    "elements": [],
                                                    "isInner": false,
                                                    "widgetType": "text-editor",
                                                    "elType": "widget"
                                                }
                                            ],
                                            "isInner": true,
                                            "elType": "container"
                                        },
                                        {
                                            "id": "1ec0080d",
                                            "settings": {
                                                "content_width": "full",
                                                "flex_gap": {
                                                    "column": "20",
                                                    "row": "20",
                                                    "isLinked": true,
                                                    "unit": "px",
                                                    "size": 20
                                                },
                                                "background_background": "classic",
                                                "border_radius": {
                                                    "unit": "px",
                                                    "top": "10",
                                                    "right": "10",
                                                    "bottom": "10",
                                                    "left": "10",
                                                    "isLinked": true
                                                },
                                                "box_shadow_box_shadow_type": "yes",
                                                "box_shadow_box_shadow": {
                                                    "horizontal": 0,
                                                    "vertical": 0,
                                                    "blur": 10,
                                                    "spread": 0,
                                                    "color": "rgba(0, 0, 0, 0.2)"
                                                },
                                                "margin": {
                                                    "unit": "px",
                                                    "top": "20",
                                                    "right": "0",
                                                    "bottom": "0",
                                                    "left": "0",
                                                    "isLinked": false
                                                },
                                                "padding": {
                                                    "unit": "px",
                                                    "top": "50",
                                                    "right": "20",
                                                    "bottom": "50",
                                                    "left": "20",
                                                    "isLinked": false
                                                },
                                                "__globals__": {
                                                    "background_color": "globals\/colors?id=secondary"
                                                },
                                                "margin_tablet": {
                                                    "unit": "px",
                                                    "top": "0",
                                                    "right": "0",
                                                    "bottom": "0",
                                                    "left": "0",
                                                    "isLinked": true
                                                }
                                            },
                                            "elements": [
                                                {
                                                    "id": "7adf5a2d",
                                                    "settings": {
                                                        "image": {
                                                            "url": "https:\/\/kits.typstd.com\/psykit\/wp-content\/uploads\/sites\/16\/2023\/10\/smiling-young-businessman-sit-at-desk-talk-on-webcam-having-video-call-or-conversation-with-client.webp",
                                                            "id": 12,
                                                            "size": "",
                                                            "alt": "",
                                                            "source": "library"
                                                        },
                                                        "title_text": "David",
                                                        "description_text": "Designer",
                                                        "position": "left",
                                                        "text_align": "left",
                                                        "text_align_mobile": "center",
                                                        "image_size": {
                                                            "unit": "%",
                                                            "size": 24,
                                                            "sizes": []
                                                        },
                                                        "image_border_radius": {
                                                            "unit": "px",
                                                            "size": 100,
                                                            "sizes": []
                                                        },
                                                        "title_bottom_space": {
                                                            "unit": "px",
                                                            "size": 0,
                                                            "sizes": []
                                                        },
                                                        "__globals__": {
                                                            "title_color": "globals\/colors?id=accent",
                                                            "title_typography_typography": "globals\/typography?id=61dc13c",
                                                            "description_color": "globals\/colors?id=text",
                                                            "description_typography_typography": "globals\/typography?id=fae77b1"
                                                        },
                                                        "thumbnail_size": "custom",
                                                        "thumbnail_custom_dimension": {
                                                            "width": "300",
                                                            "height": "300"
                                                        }
                                                    },
                                                    "elements": [],
                                                    "isInner": false,
                                                    "widgetType": "image-box",
                                                    "elType": "widget"
                                                },
                                                {
                                                    "id": "1412e3f4",
                                                    "settings": {
                                                        "__globals__": {
                                                            "text_color": "globals\/colors?id=text",
                                                            "typography_typography": "globals\/typography?id=fae77b1"
                                                        },
                                                        "align": "left",
                                                        "align_tablet": "center"
                                                    },
                                                    "elements": [],
                                                    "isInner": false,
                                                    "widgetType": "text-editor",
                                                    "elType": "widget"
                                                }
                                            ],
                                            "isInner": true,
                                            "elType": "container"
                                        }
                                    ],
                                    "isInner": true,
                                    "elType": "container"
                                }
                            ],
                            "isInner": true,
                            "elType": "container"
                        },
                        {
                            "id": "74b5bfbf",
                            "settings": {
                                "flex_direction": "column",
                                "content_width": "full",
                                "width": {
                                    "unit": "%",
                                    "size": 60
                                },
                                "flex_gap": {
                                    "column": "10",
                                    "row": "10",
                                    "isLinked": true,
                                    "unit": "px",
                                    "size": 10
                                },
                                "flex_justify_content": "center",
                                "flex_align_items": "flex-start",
                                "animation": "fadeInUp",
                                "animation_delay": 400,
                                "margin": {
                                    "unit": "px",
                                    "top": "0",
                                    "right": "0",
                                    "bottom": "0",
                                    "left": "70",
                                    "isLinked": false
                                },
                                "width_tablet": {
                                    "unit": "%",
                                    "size": 100,
                                    "sizes": []
                                },
                                "width_mobile": {
                                    "unit": "%",
                                    "size": "",
                                    "sizes": []
                                },
                                "flex_align_items_tablet": "center",
                                "margin_tablet": {
                                    "unit": "px",
                                    "top": "0",
                                    "right": "0",
                                    "bottom": "50",
                                    "left": "0",
                                    "isLinked": false
                                },
                                "_flex_order_tablet": "start"
                            },
                            "elements": [
                                {
                                    "id": "34b991d0",
                                    "settings": {
                                        "title": "TESTIMONIAL",
                                        "__globals__": {
                                            "title_color": "globals\/colors?id=primary",
                                            "typography_typography": "globals\/typography?id=b201395"
                                        },
                                        "header_size": "h5"
                                    },
                                    "elements": [],
                                    "isInner": false,
                                    "widgetType": "heading",
                                    "elType": "widget"
                                },
                                {
                                    "id": "2acbe3cb",
                                    "settings": {
                                        "title": "Client Trust in Us",
                                        "__globals__": {
                                            "title_color": "globals\/colors?id=accent",
                                            "typography_typography": "globals\/typography?id=text"
                                        }
                                    },
                                    "elements": [],
                                    "isInner": false,
                                    "widgetType": "heading",
                                    "elType": "widget"
                                },
                                {
                                    "id": "16f21df1",
                                    "settings": {
                                        "__globals__": {
                                            "text_color": "globals\/colors?id=text",
                                            "typography_typography": "globals\/typography?id=61dc13c"
                                        },
                                        "align": "left",
                                        "align_tablet": "center"
                                    },
                                    "elements": [],
                                    "isInner": false,
                                    "widgetType": "text-editor",
                                    "elType": "widget"
                                },
                                {
                                    "id": "4b5a940e",
                                    "settings": {
                                        "text": "See more patient testimonials",
                                        "border_radius": {
                                            "unit": "px",
                                            "top": "50",
                                            "right": "50",
                                            "bottom": "50",
                                            "left": "50",
                                            "isLinked": true
                                        },
                                        "__globals__": {
                                            "typography_typography": "globals\/typography?id=fae77b1",
                                            "button_text_color": "globals\/colors?id=3facd0c",
                                            "background_color": "globals\/colors?id=accent"
                                        },
                                        "_padding": {
                                            "unit": "px",
                                            "top": "40",
                                            "right": "0",
                                            "bottom": "0",
                                            "left": "0",
                                            "isLinked": false
                                        },
                                        "_padding_tablet": {
                                            "unit": "px",
                                            "top": "0",
                                            "right": "0",
                                            "bottom": "0",
                                            "left": "0",
                                            "isLinked": true
                                        }
                                    },
                                    "elements": [],
                                    "isInner": false,
                                    "widgetType": "button",
                                    "elType": "widget"
                                }
                            ],
                            "isInner": true,
                            "elType": "container"
                        }
                    ],
                    "isInner": true,
                    "elType": "container"
                }
            ],
            "isInner": false,
            "elType": "container"
        },
        {
            "id": "5632744e",
            "settings": {
                "structure": "20",
                "padding": {
                    "unit": "px",
                    "top": "100",
                    "right": "0",
                    "bottom": "100",
                    "left": "0",
                    "isLinked": false
                },
                "padding_tablet": {
                    "unit": "px",
                    "top": "100",
                    "right": "20",
                    "bottom": "100",
                    "left": "20",
                    "isLinked": false
                },
                "flex_direction": "column",
                "flex_gap": {
                    "size": 10,
                    "column": "10",
                    "row": "10",
                    "unit": "px",
                    "isLinked": true
                },
                "padding_mobile": {
                    "unit": "px",
                    "top": "50",
                    "right": "10",
                    "bottom": "50",
                    "left": "10",
                    "isLinked": false
                },
                "__globals__": {
                    "background_color": "globals\/colors?id=primary",
                    "background_overlay_color": "globals\/colors?id=primary",
                    "background_overlay_color_b": "globals\/colors?id=3facd0c",
                    "background_color_b": "globals\/colors?id=3facd0c"
                },
                "_title": "FAQ",
                "background_color_b_stop": {
                    "unit": "%",
                    "size": 50,
                    "sizes": []
                },
                "background_gradient_angle": {
                    "unit": "deg",
                    "size": 270,
                    "sizes": []
                },
                "background_overlay_color_stop": {
                    "unit": "%",
                    "size": 25,
                    "sizes": []
                },
                "background_overlay_color_b_stop": {
                    "unit": "%",
                    "size": 60,
                    "sizes": []
                },
                "background_overlay_gradient_angle": {
                    "unit": "deg",
                    "size": 90,
                    "sizes": []
                },
                "background_overlay_opacity": {
                    "unit": "px",
                    "size": 0.3,
                    "sizes": []
                },
                "border_radius": {
                    "unit": "px",
                    "top": "50",
                    "right": "50",
                    "bottom": "50",
                    "left": "50",
                    "isLinked": true
                }
            },
            "elements": [
                {
                    "id": "1032ab8b",
                    "settings": {
                        "flex_align_items": "flex-start",
                        "flex_gap": {
                            "column": "10",
                            "row": "10",
                            "isLinked": true,
                            "unit": "px",
                            "size": 10
                        },
                        "animation": "fadeInUp",
                        "flex_direction": "row"
                    },
                    "elements": [
                        {
                            "id": "5d530eff",
                            "settings": {
                                "content_width": "full",
                                "width": {
                                    "unit": "%",
                                    "size": 50,
                                    "sizes": []
                                },
                                "flex_align_items": "flex-start",
                                "margin": {
                                    "unit": "px",
                                    "top": "0",
                                    "right": "20",
                                    "bottom": "0",
                                    "left": "0",
                                    "isLinked": false
                                },
                                "width_tablet": {
                                    "unit": "%",
                                    "size": 100,
                                    "sizes": []
                                },
                                "width_mobile": {
                                    "unit": "%",
                                    "size": "",
                                    "sizes": []
                                },
                                "flex_align_items_mobile": "center",
                                "flex_gap": {
                                    "column": "10",
                                    "row": "10",
                                    "isLinked": true,
                                    "unit": "px",
                                    "size": 10
                                },
                                "margin_tablet": {
                                    "unit": "px",
                                    "top": "0",
                                    "right": "0",
                                    "bottom": "0",
                                    "left": "0",
                                    "isLinked": true
                                }
                            },
                            "elements": [
                                {
                                    "id": "5182394e",
                                    "settings": {
                                        "title": "FAQ",
                                        "__globals__": {
                                            "title_color": "globals\/colors?id=accent",
                                            "typography_typography": "globals\/typography?id=text"
                                        },
                                        "header_size": "h3",
                                        "align": "center"
                                    },
                                    "elements": [],
                                    "isInner": false,
                                    "widgetType": "heading",
                                    "elType": "widget"
                                },
                                {
                                    "id": "38fd408b",
                                    "settings": {
                                        "__globals__": {
                                            "text_color": "globals\/colors?id=text",
                                            "typography_typography": "globals\/typography?id=61dc13c"
                                        },
                                        "align": "left",
                                        "align_mobile": "center"
                                    },
                                    "elements": [],
                                    "isInner": false,
                                    "widgetType": "text-editor",
                                    "elType": "widget"
                                }
                            ],
                            "isInner": true,
                            "elType": "container"
                        }
                    ],
                    "isInner": true,
                    "elType": "container"
                },
                {
                    "id": "79dfe720",
                    "settings": {
                        "flex_direction": "row",
                        "flex_gap": {
                            "column": "20",
                            "row": "20",
                            "isLinked": true,
                            "unit": "px",
                            "size": 20
                        },
                        "margin": {
                            "unit": "px",
                            "top": "50",
                            "right": "0",
                            "bottom": "0",
                            "left": "0",
                            "isLinked": false
                        },
                        "margin_mobile": {
                            "unit": "px",
                            "top": "20",
                            "right": "0",
                            "bottom": "0",
                            "left": "0",
                            "isLinked": false
                        }
                    },
                    "elements": [
                        {
                            "id": "2864e918",
                            "settings": {
                                "_column_size": 50,
                                "width": {
                                    "unit": "%",
                                    "size": 70
                                },
                                "content_width": "full",
                                "animation": "fadeInUp",
                                "animation_delay": 200,
                                "flex_direction": "column",
                                "flex_justify_content": "center",
                                "background_background": "classic",
                                "background_image": {
                                    "id": 288,
                                    "url": "https:\/\/kits.typstd.com\/psykit\/wp-content\/uploads\/sites\/16\/2023\/10\/professional-psychologist-or-psychiatrist-from-sup-2023-08-19-06-24-28-utc-1920x1280-1.webp",
                                    "alt": "",
                                    "source": "library",
                                    "size": ""
                                },
                                "background_position": "center center",
                                "background_size": "cover",
                                "border_radius": {
                                    "unit": "px",
                                    "top": "10",
                                    "right": "10",
                                    "bottom": "10",
                                    "left": "10",
                                    "isLinked": true
                                },
                                "margin": {
                                    "unit": "px",
                                    "top": "0",
                                    "right": "20",
                                    "bottom": "0",
                                    "left": "0",
                                    "isLinked": false
                                },
                                "margin_tablet": {
                                    "unit": "px",
                                    "top": "0",
                                    "right": "20",
                                    "bottom": "0",
                                    "left": "0",
                                    "isLinked": false
                                },
                                "margin_mobile": {
                                    "unit": "px",
                                    "top": "0",
                                    "right": "0",
                                    "bottom": "0",
                                    "left": "0",
                                    "isLinked": true
                                },
                                "min_height_mobile": {
                                    "unit": "px",
                                    "size": 230,
                                    "sizes": []
                                }
                            },
                            "elements": [],
                            "isInner": true,
                            "elType": "container"
                        },
                        {
                            "id": "7135d2fe",
                            "settings": {
                                "_column_size": 50,
                                "width": {
                                    "size": null,
                                    "unit": "%"
                                },
                                "content_width": "full",
                                "animation": "fadeInUp",
                                "animation_delay": 200,
                                "flex_justify_content": "center"
                            },
                            "elements": [
                                {
                                    "id": "5f070aee",
                                    "settings": {
                                        "tabs": [
                                            {
                                                "tab_title": "How to register through the website?",
                                                "tab_content": "Lorem ipsum dolor sit amet, consectetur adipiscing elit. Ut elit tellus, luctus nec ullamcorper mattis, pulvinar dapibus leo.",
                                                "_id": "5385fe0"
                                            },
                                            {
                                                "tab_title": "how to order a doctor through the website?",
                                                "tab_content": "Lorem ipsum dolor sit amet, consectetur adipiscing elit. Ut elit tellus, luctus nec ullamcorper mattis, pulvinar dapibus leo.",
                                                "_id": "be6e020"
                                            },
                                            {
                                                "tab_title": "How to Use Insurance?",
                                                "tab_content": "Lorem ipsum dolor sit amet, consectetur adipiscing elit. Ut elit tellus, luctus nec ullamcorper mattis, pulvinar dapibus leo.",
                                                "_id": "4c5aad7"
                                            },
                                            {
                                                "tab_title": "how to check doctor?",
                                                "tab_content": "Lorem ipsum dolor sit amet, consectetur adipiscing elit. Ut elit tellus, luctus nec ullamcorper mattis, pulvinar dapibus leo.",
                                                "_id": "a5d4f34"
                                            }
                                        ],
                                        "border_width": {
                                            "unit": "px",
                                            "size": 0,
                                            "sizes": []
                                        },
                                        "space_between": {
                                            "unit": "px",
                                            "size": 5,
                                            "sizes": []
                                        },
                                        "title_padding": {
                                            "unit": "px",
                                            "top": "25",
                                            "right": "25",
                                            "bottom": "25",
                                            "left": "25",
                                            "isLinked": true
                                        },
                                        "icon_align": "right",
                                        "content_padding": {
                                            "unit": "px",
                                            "top": "25",
                                            "right": "25",
                                            "bottom": "25",
                                            "left": "25",
                                            "isLinked": true
                                        },
                                        "__globals__": {
                                            "title_background": "globals\/colors?id=3241d62",
                                            "tab_active_color": "globals\/colors?id=accent",
                                            "content_background_color": "globals\/colors?id=secondary",
                                            "title_typography_typography": "globals\/typography?id=9b0b514",
                                            "title_color": "globals\/colors?id=accent",
                                            "content_color": "globals\/colors?id=text",
                                            "content_typography_typography": "globals\/typography?id=fae77b1",
                                            "icon_color": "globals\/colors?id=accent",
                                            "icon_active_color": "globals\/colors?id=accent",
                                            "border_color": "globals\/colors?id=0d65b1c",
                                            "_border_color": "globals\/colors?id=0d65b1c",
                                            "_background_color": "globals\/colors?id=3facd0c"
                                        },
                                        "_background_background": "classic",
                                        "_border_border": "solid",
                                        "_border_width": {
                                            "unit": "px",
                                            "top": "1",
                                            "right": "1",
                                            "bottom": "1",
                                            "left": "1",
                                            "isLinked": true
                                        },
                                        "_border_radius": {
                                            "unit": "px",
                                            "top": "10",
                                            "right": "10",
                                            "bottom": "10",
                                            "left": "10",
                                            "isLinked": true
                                        }
                                    },
                                    "elements": [],
                                    "isInner": false,
                                    "widgetType": "toggle",
                                    "elType": "widget"
                                }
                            ],
                            "isInner": true,
                            "elType": "container"
                        }
                    ],
                    "isInner": true,
                    "elType": "container"
                }
            ],
            "isInner": false,
            "elType": "container"
        }
    ]
}