{
    "version": "0.4",
    "title": "Contact Us",
    "type": "page",
    "metadata": {
        "template_type": "single-page",
        "include_in_zip": "1",
        "elementor_pro_required": null,
        "wp_page_template": "elementor_canvas"
    },
    "content": [
        {
            "id": "569aaa58",
            "settings": {
                "flex_direction": "column",
                "padding": {
                    "unit": "px",
                    "top": "100",
                    "right": "0",
                    "bottom": "0",
                    "left": "0",
                    "isLinked": false
                },
                "padding_tablet": {
                    "unit": "px",
                    "top": "100",
                    "right": "20",
                    "bottom": "100",
                    "left": "20",
                    "isLinked": false
                },
                "padding_mobile": {
                    "unit": "px",
                    "top": "50",
                    "right": "10",
                    "bottom": "50",
                    "left": "10",
                    "isLinked": false
                },
                "_title": "Hero",
                "margin": {
                    "unit": "px",
                    "top": "0",
                    "right": "0",
                    "bottom": "0",
                    "left": "0",
                    "isLinked": false
                },
                "z_index": 1,
                "__globals__": {
                    "background_color": ""
                }
            },
            "elements": [
                {
                    "id": "57c16a5f",
                    "settings": {
                        "min_height": {
                            "unit": "px",
                            "size": 350,
                            "sizes": []
                        },
                        "flex_justify_content": "center",
                        "flex_align_items": "center",
                        "flex_gap": {
                            "column": "10",
                            "row": "10",
                            "isLinked": true,
                            "unit": "px",
                            "size": 10
                        },
                        "background_background": "classic",
                        "background_image": {
                            "id": 216,
                            "url": "https:\/\/kits.typstd.com\/psykit\/wp-content\/uploads\/sites\/16\/2023\/10\/happy-patient-and-caregiver-2021-08-31-01-09-42-utc.webp",
                            "alt": "",
                            "source": "library",
                            "size": ""
                        },
                        "background_attachment": "fixed",
                        "background_size": "cover",
                        "background_overlay_background": "gradient",
                        "border_radius": {
                            "unit": "px",
                            "top": "25",
                            "right": "25",
                            "bottom": "25",
                            "left": "25",
                            "isLinked": true
                        },
                        "__globals__": {
                            "background_overlay_color": "globals\/colors?id=primary",
                            "background_overlay_color_b": "globals\/colors?id=3241d62"
                        },
                        "background_overlay_gradient_angle": {
                            "unit": "deg",
                            "size": 360,
                            "sizes": []
                        }
                    },
                    "elements": [
                        {
                            "id": "47c60a",
                            "settings": {
                                "title": "Contact Us",
                                "__globals__": {
                                    "title_color": "globals\/colors?id=3facd0c",
                                    "typography_typography": "globals\/typography?id=text"
                                },
                                "align_mobile": "center",
                                "align": "center",
                                "_animation": "fadeInUp",
                                "_animation_delay": 100
                            },
                            "elements": [],
                            "isInner": false,
                            "widgetType": "heading",
                            "elType": "widget"
                        },
                        {
                            "id": "e57233d",
                            "settings": {
                                "flex_direction": "row",
                                "flex_justify_content": "center",
                                "flex_gap": {
                                    "column": "20",
                                    "row": "20",
                                    "isLinked": true,
                                    "unit": "px",
                                    "size": 20
                                },
                                "animation": "fadeInUp",
                                "animation_delay": 200
                            },
                            "elements": [
                                {
                                    "id": "37a73acb",
                                    "settings": {
                                        "title": "Home",
                                        "__globals__": {
                                            "title_color": "globals\/colors?id=3facd0c",
                                            "typography_typography": "globals\/typography?id=fae77b1"
                                        },
                                        "align_mobile": "center",
                                        "align": "center"
                                    },
                                    "elements": [],
                                    "isInner": false,
                                    "widgetType": "heading",
                                    "elType": "widget"
                                },
                                {
                                    "id": "12499e9c",
                                    "settings": {
                                        "title": "\/",
                                        "__globals__": {
                                            "title_color": "globals\/colors?id=3facd0c",
                                            "typography_typography": "globals\/typography?id=fae77b1"
                                        },
                                        "align_mobile": "center",
                                        "align": "center"
                                    },
                                    "elements": [],
                                    "isInner": false,
                                    "widgetType": "heading",
                                    "elType": "widget"
                                },
                                {
                                    "id": "3e21c26a",
                                    "settings": {
                                        "title": "Contact Us",
                                        "__globals__": {
                                            "title_color": "globals\/colors?id=3facd0c",
                                            "typography_typography": "globals\/typography?id=fae77b1"
                                        },
                                        "align_mobile": "center",
                                        "align": "center"
                                    },
                                    "elements": [],
                                    "isInner": false,
                                    "widgetType": "heading",
                                    "elType": "widget"
                                }
                            ],
                            "isInner": true,
                            "elType": "container"
                        }
                    ],
                    "isInner": true,
                    "elType": "container"
                }
            ],
            "isInner": false,
            "elType": "container"
        },
        {
            "id": "395f666b",
            "settings": {
                "flex_gap": {
                    "unit": "px",
                    "size": 0,
                    "column": "0",
                    "row": "0",
                    "isLinked": true
                },
                "custom_height": {
                    "unit": "vh",
                    "size": 70,
                    "sizes": []
                },
                "custom_height_tablet": {
                    "unit": "vh",
                    "size": "",
                    "sizes": []
                },
                "custom_height_mobile": {
                    "unit": "vh",
                    "size": "",
                    "sizes": []
                },
                "content_position": "middle",
                "structure": "20",
                "padding": {
                    "unit": "px",
                    "top": "100",
                    "right": "0",
                    "bottom": "100",
                    "left": "0",
                    "isLinked": false
                },
                "reverse_order_mobile": "reverse-mobile",
                "padding_tablet": {
                    "unit": "px",
                    "top": "150",
                    "right": "20",
                    "bottom": "100",
                    "left": "20",
                    "isLinked": false
                },
                "__globals__": {
                    "background_color": "globals\/colors?id=secondary",
                    "background_color_b": "globals\/colors?id=3facd0c"
                },
                "flex_direction": "row",
                "padding_mobile": {
                    "unit": "px",
                    "top": "150",
                    "right": "10",
                    "bottom": "50",
                    "left": "10",
                    "isLinked": false
                },
                "_title": "Get in Touch",
                "background_background": "gradient"
            },
            "elements": [
                {
                    "id": "20510ec7",
                    "settings": {
                        "_column_size": 50,
                        "width": {
                            "unit": "%",
                            "size": ""
                        },
                        "content_width": "full",
                        "flex_direction": "column",
                        "flex_justify_content": "flex-end",
                        "margin_mobile": {
                            "unit": "px",
                            "top": "0",
                            "right": "0",
                            "bottom": "20",
                            "left": "0",
                            "isLinked": false
                        },
                        "animation": "fadeInUp",
                        "animation_delay": 200,
                        "margin_tablet": {
                            "unit": "px",
                            "top": "0",
                            "right": "0",
                            "bottom": "50",
                            "left": "0",
                            "isLinked": false
                        },
                        "__globals__": {
                            "background_color": "globals\/colors?id=3facd0c"
                        },
                        "_flex_order_mobile": "end",
                        "min_height_tablet": {
                            "unit": "px",
                            "size": 400,
                            "sizes": []
                        },
                        "background_image": {
                            "id": "13",
                            "url": "https:\/\/kits.typstd.com\/psykit\/wp-content\/uploads\/sites\/16\/2023\/10\/portrait-of-woman-doctor-2022-12-16-06-16-19-utc-Large.webp"
                        },
                        "background_position": "center center",
                        "background_repeat": "no-repeat",
                        "background_size": "cover",
                        "margin": {
                            "unit": "px",
                            "top": "0",
                            "right": "50",
                            "bottom": "0",
                            "left": "0",
                            "isLinked": false
                        },
                        "flex_gap": {
                            "column": "10",
                            "row": "10",
                            "isLinked": true,
                            "unit": "px",
                            "size": 10
                        }
                    },
                    "elements": [
                        {
                            "id": "4f4ade9d",
                            "settings": {
                                "title": "Contact",
                                "__globals__": {
                                    "title_color": "globals\/colors?id=primary",
                                    "typography_typography": "globals\/typography?id=b201395"
                                },
                                "header_size": "h5"
                            },
                            "elements": [],
                            "isInner": false,
                            "widgetType": "heading",
                            "elType": "widget"
                        },
                        {
                            "id": "455b759b",
                            "settings": {
                                "title": "Get in Touch",
                                "__globals__": {
                                    "title_color": "globals\/colors?id=accent",
                                    "typography_typography": "globals\/typography?id=text"
                                }
                            },
                            "elements": [],
                            "isInner": false,
                            "widgetType": "heading",
                            "elType": "widget"
                        },
                        {
                            "id": "a58910d",
                            "settings": {
                                "__globals__": {
                                    "text_color": "globals\/colors?id=text",
                                    "typography_typography": "globals\/typography?id=61dc13c"
                                },
                                "align": "left",
                                "align_tablet": "center"
                            },
                            "elements": [],
                            "isInner": false,
                            "widgetType": "text-editor",
                            "elType": "widget"
                        },
                        {
                            "id": "147b0d91",
                            "settings": {
                                "address": "London Eye, London, United Kingdom",
                                "height": {
                                    "unit": "px",
                                    "size": 350,
                                    "sizes": []
                                },
                                "height_tablet": {
                                    "unit": "vh",
                                    "size": "",
                                    "sizes": []
                                },
                                "height_mobile": {
                                    "unit": "vh",
                                    "size": "",
                                    "sizes": []
                                },
                                "css_filters_brightness": {
                                    "unit": "px",
                                    "size": 37,
                                    "sizes": []
                                },
                                "css_filters_hover_css_filter": "custom",
                                "hover_transition": {
                                    "unit": "px",
                                    "size": 2,
                                    "sizes": []
                                },
                                "_border_radius": {
                                    "unit": "px",
                                    "top": "10",
                                    "right": "10",
                                    "bottom": "10",
                                    "left": "10",
                                    "isLinked": true
                                }
                            },
                            "elements": [],
                            "isInner": false,
                            "widgetType": "google_maps",
                            "elType": "widget"
                        },
                        {
                            "id": "6399df1b",
                            "settings": {
                                "icon_list": [
                                    {
                                        "text": "support@psykit.com",
                                        "selected_icon": {
                                            "value": "icon icon-email1",
                                            "library": "ekiticons"
                                        },
                                        "_id": "f6a7cf3"
                                    },
                                    {
                                        "text": "+123-456789",
                                        "selected_icon": {
                                            "value": "icon icon-phone1",
                                            "library": "ekiticons"
                                        },
                                        "_id": "209819c"
                                    }
                                ],
                                "space_between": {
                                    "unit": "px",
                                    "size": 35,
                                    "sizes": []
                                },
                                "divider": "yes",
                                "icon_size": {
                                    "unit": "px",
                                    "size": 22,
                                    "sizes": []
                                },
                                "_padding": {
                                    "unit": "px",
                                    "top": "35",
                                    "right": "0",
                                    "bottom": "15",
                                    "left": "0",
                                    "isLinked": false
                                },
                                "__globals__": {
                                    "text_color": "globals\/colors?id=accent",
                                    "icon_typography_typography": "globals\/typography?id=fae77b1",
                                    "icon_color": "globals\/colors?id=primary",
                                    "divider_color": "globals\/colors?id=0d65b1c",
                                    "_border_color": "globals\/colors?id=0d65b1c"
                                },
                                "view": "",
                                "_border_border": "solid",
                                "_border_width": {
                                    "unit": "px",
                                    "top": "0",
                                    "right": "0",
                                    "bottom": "1",
                                    "left": "0",
                                    "isLinked": false
                                }
                            },
                            "elements": [],
                            "isInner": false,
                            "widgetType": "icon-list",
                            "elType": "widget"
                        }
                    ],
                    "isInner": true,
                    "elType": "container"
                },
                {
                    "id": "1da54e7",
                    "settings": {
                        "content_width": "full",
                        "flex_justify_content": "flex-end"
                    },
                    "elements": [
                        {
                            "id": "6c53f9ca",
                            "settings": {
                                "flex_direction": "column",
                                "content_width": "full",
                                "width": {
                                    "unit": "%",
                                    "size": ""
                                },
                                "flex_gap": {
                                    "column": "10",
                                    "row": "10",
                                    "isLinked": true,
                                    "unit": "px",
                                    "size": 10
                                },
                                "flex_justify_content": "flex-start",
                                "flex_align_items": "flex-start",
                                "animation": "fadeInUp",
                                "animation_delay": 100,
                                "margin": {
                                    "unit": "px",
                                    "top": "0",
                                    "right": "0",
                                    "bottom": "0",
                                    "left": "0",
                                    "isLinked": false
                                },
                                "min_height": {
                                    "unit": "px",
                                    "size": 350,
                                    "sizes": []
                                },
                                "width_tablet": {
                                    "unit": "%",
                                    "size": 100,
                                    "sizes": []
                                },
                                "width_mobile": {
                                    "unit": "%",
                                    "size": "",
                                    "sizes": []
                                },
                                "min_height_tablet": {
                                    "unit": "px",
                                    "size": 150,
                                    "sizes": []
                                },
                                "flex_align_items_tablet": "center",
                                "margin_tablet": {
                                    "unit": "px",
                                    "top": "0",
                                    "right": "0",
                                    "bottom": "0",
                                    "left": "0",
                                    "isLinked": true
                                },
                                "background_background": "classic",
                                "border_radius": {
                                    "unit": "px",
                                    "top": "10",
                                    "right": "10",
                                    "bottom": "10",
                                    "left": "10",
                                    "isLinked": true
                                },
                                "box_shadow_box_shadow_type": "yes",
                                "box_shadow_box_shadow": {
                                    "horizontal": 0,
                                    "vertical": 0,
                                    "blur": 10,
                                    "spread": 0,
                                    "color": "rgba(0, 0, 0, 0.2)"
                                },
                                "padding": {
                                    "unit": "px",
                                    "top": "20",
                                    "right": "20",
                                    "bottom": "20",
                                    "left": "20",
                                    "isLinked": true
                                },
                                "__globals__": {
                                    "background_color": "globals\/colors?id=3facd0c"
                                }
                            },
                            "elements": [
                                {
                                    "id": "407e5940",
                                    "settings": {
                                        "mf_form_id": "577***1700031395744",
                                        "_flex_align_self": "stretch"
                                    },
                                    "elements": [],
                                    "isInner": false,
                                    "widgetType": "metform",
                                    "elType": "widget"
                                }
                            ],
                            "isInner": true,
                            "elType": "container"
                        },
                        {
                            "id": "4d3f0859",
                            "settings": {
                                "icon_list": [
                                    {
                                        "text": "Monday - Friday : 08.00 -18.00",
                                        "selected_icon": {
                                            "value": "icon icon-clock2",
                                            "library": "ekiticons"
                                        },
                                        "_id": "4ce7329"
                                    },
                                    {
                                        "text": " Saturday - Sunday : 09.00 -15.00 ",
                                        "selected_icon": {
                                            "value": "icon icon-clock2",
                                            "library": "ekiticons"
                                        },
                                        "_id": "149794d"
                                    }
                                ],
                                "space_between": {
                                    "unit": "px",
                                    "size": 35,
                                    "sizes": []
                                },
                                "divider": "yes",
                                "icon_size": {
                                    "unit": "px",
                                    "size": 22,
                                    "sizes": []
                                },
                                "_padding": {
                                    "unit": "px",
                                    "top": "35",
                                    "right": "0",
                                    "bottom": "15",
                                    "left": "0",
                                    "isLinked": false
                                },
                                "__globals__": {
                                    "text_color": "globals\/colors?id=accent",
                                    "icon_typography_typography": "globals\/typography?id=fae77b1",
                                    "icon_color": "globals\/colors?id=primary",
                                    "divider_color": "globals\/colors?id=0d65b1c",
                                    "_border_color": "globals\/colors?id=0d65b1c"
                                },
                                "view": "",
                                "_border_border": "solid",
                                "_border_width": {
                                    "unit": "px",
                                    "top": "0",
                                    "right": "0",
                                    "bottom": "1",
                                    "left": "0",
                                    "isLinked": false
                                }
                            },
                            "elements": [],
                            "isInner": false,
                            "widgetType": "icon-list",
                            "elType": "widget"
                        }
                    ],
                    "isInner": true,
                    "elType": "container"
                }
            ],
            "isInner": false,
            "elType": "container"
        },
        {
            "id": "156b3c1d",
            "settings": {
                "structure": "20",
                "padding": {
                    "unit": "px",
                    "top": "100",
                    "right": "0",
                    "bottom": "100",
                    "left": "0",
                    "isLinked": false
                },
                "padding_tablet": {
                    "unit": "px",
                    "top": "100",
                    "right": "20",
                    "bottom": "100",
                    "left": "20",
                    "isLinked": false
                },
                "flex_direction": "column",
                "flex_gap": {
                    "size": 10,
                    "column": "10",
                    "row": "10",
                    "unit": "px",
                    "isLinked": true
                },
                "padding_mobile": {
                    "unit": "px",
                    "top": "50",
                    "right": "10",
                    "bottom": "50",
                    "left": "10",
                    "isLinked": false
                },
                "__globals__": {
                    "background_color": "globals\/colors?id=primary",
                    "background_overlay_color": "globals\/colors?id=primary",
                    "background_overlay_color_b": "globals\/colors?id=3facd0c",
                    "background_color_b": "globals\/colors?id=3facd0c"
                },
                "_title": "FAQ",
                "background_color_b_stop": {
                    "unit": "%",
                    "size": 50,
                    "sizes": []
                },
                "background_gradient_angle": {
                    "unit": "deg",
                    "size": 270,
                    "sizes": []
                },
                "background_overlay_color_stop": {
                    "unit": "%",
                    "size": 25,
                    "sizes": []
                },
                "background_overlay_color_b_stop": {
                    "unit": "%",
                    "size": 60,
                    "sizes": []
                },
                "background_overlay_gradient_angle": {
                    "unit": "deg",
                    "size": 90,
                    "sizes": []
                },
                "background_overlay_opacity": {
                    "unit": "px",
                    "size": 0.3,
                    "sizes": []
                },
                "border_radius": {
                    "unit": "px",
                    "top": "50",
                    "right": "50",
                    "bottom": "50",
                    "left": "50",
                    "isLinked": true
                }
            },
            "elements": [
                {
                    "id": "5d193093",
                    "settings": {
                        "flex_align_items": "flex-start",
                        "flex_gap": {
                            "column": "10",
                            "row": "10",
                            "isLinked": true,
                            "unit": "px",
                            "size": 10
                        },
                        "animation": "fadeInUp",
                        "flex_direction": "row"
                    },
                    "elements": [
                        {
                            "id": "782436f8",
                            "settings": {
                                "content_width": "full",
                                "width": {
                                    "unit": "%",
                                    "size": 50,
                                    "sizes": []
                                },
                                "flex_align_items": "flex-start",
                                "margin": {
                                    "unit": "px",
                                    "top": "0",
                                    "right": "20",
                                    "bottom": "0",
                                    "left": "0",
                                    "isLinked": false
                                },
                                "width_tablet": {
                                    "unit": "%",
                                    "size": 100,
                                    "sizes": []
                                },
                                "width_mobile": {
                                    "unit": "%",
                                    "size": "",
                                    "sizes": []
                                },
                                "flex_align_items_mobile": "center",
                                "flex_gap": {
                                    "column": "10",
                                    "row": "10",
                                    "isLinked": true,
                                    "unit": "px",
                                    "size": 10
                                },
                                "margin_tablet": {
                                    "unit": "px",
                                    "top": "0",
                                    "right": "0",
                                    "bottom": "0",
                                    "left": "0",
                                    "isLinked": true
                                }
                            },
                            "elements": [
                                {
                                    "id": "91990ca",
                                    "settings": {
                                        "title": "FAQ",
                                        "__globals__": {
                                            "title_color": "globals\/colors?id=accent",
                                            "typography_typography": "globals\/typography?id=text"
                                        },
                                        "header_size": "h3",
                                        "align": "center"
                                    },
                                    "elements": [],
                                    "isInner": false,
                                    "widgetType": "heading",
                                    "elType": "widget"
                                },
                                {
                                    "id": "30a4d143",
                                    "settings": {
                                        "__globals__": {
                                            "text_color": "globals\/colors?id=text",
                                            "typography_typography": "globals\/typography?id=61dc13c"
                                        },
                                        "align": "left",
                                        "align_mobile": "center"
                                    },
                                    "elements": [],
                                    "isInner": false,
                                    "widgetType": "text-editor",
                                    "elType": "widget"
                                }
                            ],
                            "isInner": true,
                            "elType": "container"
                        }
                    ],
                    "isInner": true,
                    "elType": "container"
                },
                {
                    "id": "2375fc82",
                    "settings": {
                        "flex_direction": "row",
                        "flex_gap": {
                            "column": "20",
                            "row": "20",
                            "isLinked": true,
                            "unit": "px",
                            "size": 20
                        },
                        "margin": {
                            "unit": "px",
                            "top": "50",
                            "right": "0",
                            "bottom": "0",
                            "left": "0",
                            "isLinked": false
                        },
                        "margin_mobile": {
                            "unit": "px",
                            "top": "20",
                            "right": "0",
                            "bottom": "0",
                            "left": "0",
                            "isLinked": false
                        }
                    },
                    "elements": [
                        {
                            "id": "285b478a",
                            "settings": {
                                "_column_size": 50,
                                "width": {
                                    "unit": "%",
                                    "size": 70
                                },
                                "content_width": "full",
                                "animation": "fadeInUp",
                                "animation_delay": 200,
                                "flex_direction": "column",
                                "flex_justify_content": "center",
                                "background_background": "classic",
                                "background_image": {
                                    "id": 288,
                                    "url": "https:\/\/kits.typstd.com\/psykit\/wp-content\/uploads\/sites\/16\/2023\/10\/professional-psychologist-or-psychiatrist-from-sup-2023-08-19-06-24-28-utc-1920x1280-1.webp",
                                    "alt": "",
                                    "source": "library",
                                    "size": ""
                                },
                                "background_position": "center center",
                                "background_size": "cover",
                                "border_radius": {
                                    "unit": "px",
                                    "top": "10",
                                    "right": "10",
                                    "bottom": "10",
                                    "left": "10",
                                    "isLinked": true
                                },
                                "margin": {
                                    "unit": "px",
                                    "top": "0",
                                    "right": "20",
                                    "bottom": "0",
                                    "left": "0",
                                    "isLinked": false
                                },
                                "margin_tablet": {
                                    "unit": "px",
                                    "top": "0",
                                    "right": "20",
                                    "bottom": "0",
                                    "left": "0",
                                    "isLinked": false
                                },
                                "margin_mobile": {
                                    "unit": "px",
                                    "top": "0",
                                    "right": "0",
                                    "bottom": "0",
                                    "left": "0",
                                    "isLinked": true
                                },
                                "min_height_mobile": {
                                    "unit": "px",
                                    "size": 230,
                                    "sizes": []
                                }
                            },
                            "elements": [],
                            "isInner": true,
                            "elType": "container"
                        },
                        {
                            "id": "4f0dce1f",
                            "settings": {
                                "_column_size": 50,
                                "width": {
                                    "size": null,
                                    "unit": "%"
                                },
                                "content_width": "full",
                                "animation": "fadeInUp",
                                "animation_delay": 200,
                                "flex_justify_content": "center"
                            },
                            "elements": [
                                {
                                    "id": "a456bf9",
                                    "settings": {
                                        "tabs": [
                                            {
                                                "tab_title": "How to register through the website?",
                                                "tab_content": "Lorem ipsum dolor sit amet, consectetur adipiscing elit. Ut elit tellus, luctus nec ullamcorper mattis, pulvinar dapibus leo.",
                                                "_id": "5385fe0"
                                            },
                                            {
                                                "tab_title": "how to order a doctor through the website?",
                                                "tab_content": "Lorem ipsum dolor sit amet, consectetur adipiscing elit. Ut elit tellus, luctus nec ullamcorper mattis, pulvinar dapibus leo.",
                                                "_id": "be6e020"
                                            },
                                            {
                                                "tab_title": "How to Use Insurance?",
                                                "tab_content": "Lorem ipsum dolor sit amet, consectetur adipiscing elit. Ut elit tellus, luctus nec ullamcorper mattis, pulvinar dapibus leo.",
                                                "_id": "4c5aad7"
                                            },
                                            {
                                                "tab_title": "how to check doctor?",
                                                "tab_content": "Lorem ipsum dolor sit amet, consectetur adipiscing elit. Ut elit tellus, luctus nec ullamcorper mattis, pulvinar dapibus leo.",
                                                "_id": "a5d4f34"
                                            }
                                        ],
                                        "border_width": {
                                            "unit": "px",
                                            "size": 0,
                                            "sizes": []
                                        },
                                        "space_between": {
                                            "unit": "px",
                                            "size": 5,
                                            "sizes": []
                                        },
                                        "title_padding": {
                                            "unit": "px",
                                            "top": "25",
                                            "right": "25",
                                            "bottom": "25",
                                            "left": "25",
                                            "isLinked": true
                                        },
                                        "icon_align": "right",
                                        "content_padding": {
                                            "unit": "px",
                                            "top": "25",
                                            "right": "25",
                                            "bottom": "25",
                                            "left": "25",
                                            "isLinked": true
                                        },
                                        "__globals__": {
                                            "title_background": "globals\/colors?id=3241d62",
                                            "tab_active_color": "globals\/colors?id=accent",
                                            "content_background_color": "globals\/colors?id=secondary",
                                            "title_typography_typography": "globals\/typography?id=9b0b514",
                                            "title_color": "globals\/colors?id=accent",
                                            "content_color": "globals\/colors?id=text",
                                            "content_typography_typography": "globals\/typography?id=fae77b1",
                                            "icon_color": "globals\/colors?id=accent",
                                            "icon_active_color": "globals\/colors?id=accent",
                                            "border_color": "globals\/colors?id=0d65b1c",
                                            "_border_color": "globals\/colors?id=0d65b1c",
                                            "_background_color": "globals\/colors?id=3facd0c"
                                        },
                                        "_background_background": "classic",
                                        "_border_border": "solid",
                                        "_border_width": {
                                            "unit": "px",
                                            "top": "1",
                                            "right": "1",
                                            "bottom": "1",
                                            "left": "1",
                                            "isLinked": true
                                        },
                                        "_border_radius": {
                                            "unit": "px",
                                            "top": "10",
                                            "right": "10",
                                            "bottom": "10",
                                            "left": "10",
                                            "isLinked": true
                                        }
                                    },
                                    "elements": [],
                                    "isInner": false,
                                    "widgetType": "toggle",
                                    "elType": "widget"
                                }
                            ],
                            "isInner": true,
                            "elType": "container"
                        }
                    ],
                    "isInner": true,
                    "elType": "container"
                }
            ],
            "isInner": false,
            "elType": "container"
        }
    ]
}