{
    "version": "0.4",
    "title": "FAQ",
    "type": "page",
    "metadata": {
        "template_type": "single-page",
        "include_in_zip": "1",
        "elementor_pro_required": null,
        "wp_page_template": "elementor_canvas"
    },
    "content": [
        {
            "id": "70309497",
            "settings": {
                "flex_direction": "column",
                "padding": {
                    "unit": "px",
                    "top": "100",
                    "right": "0",
                    "bottom": "0",
                    "left": "0",
                    "isLinked": false
                },
                "padding_tablet": {
                    "unit": "px",
                    "top": "100",
                    "right": "20",
                    "bottom": "100",
                    "left": "20",
                    "isLinked": false
                },
                "padding_mobile": {
                    "unit": "px",
                    "top": "50",
                    "right": "10",
                    "bottom": "50",
                    "left": "10",
                    "isLinked": false
                },
                "_title": "Hero",
                "margin": {
                    "unit": "px",
                    "top": "0",
                    "right": "0",
                    "bottom": "-150",
                    "left": "0",
                    "isLinked": false
                },
                "margin_tablet": {
                    "unit": "px",
                    "top": "0",
                    "right": "0",
                    "bottom": "-150",
                    "left": "0",
                    "isLinked": false
                },
                "z_index": 1,
                "__globals__": {
                    "background_color": ""
                }
            },
            "elements": [
                {
                    "id": "d117ab8",
                    "settings": {
                        "min_height": {
                            "unit": "px",
                            "size": 350,
                            "sizes": []
                        },
                        "flex_justify_content": "center",
                        "flex_align_items": "center",
                        "flex_gap": {
                            "column": "10",
                            "row": "10",
                            "isLinked": true,
                            "unit": "px",
                            "size": 10
                        },
                        "background_background": "classic",
                        "background_image": {
                            "id": 376,
                            "url": "https:\/\/kits.typstd.com\/psykit\/wp-content\/uploads\/sites\/16\/2023\/10\/doctor-showing-test-results-on-digital-tablet-to-m-2022-12-16-07-35-31-utc1.webp",
                            "alt": "",
                            "source": "library",
                            "size": ""
                        },
                        "background_attachment": "fixed",
                        "background_size": "cover",
                        "background_overlay_background": "gradient",
                        "border_radius": {
                            "unit": "px",
                            "top": "25",
                            "right": "25",
                            "bottom": "25",
                            "left": "25",
                            "isLinked": true
                        },
                        "__globals__": {
                            "background_overlay_color": "globals\/colors?id=primary",
                            "background_overlay_color_b": "globals\/colors?id=3241d62"
                        },
                        "background_overlay_gradient_angle": {
                            "unit": "deg",
                            "size": 360,
                            "sizes": []
                        }
                    },
                    "elements": [
                        {
                            "id": "29335e37",
                            "settings": {
                                "title": "FAQs",
                                "__globals__": {
                                    "title_color": "globals\/colors?id=3facd0c",
                                    "typography_typography": "globals\/typography?id=secondary"
                                },
                                "align_mobile": "center",
                                "align": "center",
                                "_animation": "fadeInUp",
                                "_animation_delay": 100
                            },
                            "elements": [],
                            "isInner": false,
                            "widgetType": "heading",
                            "elType": "widget"
                        },
                        {
                            "id": "fc4a826",
                            "settings": {
                                "flex_direction": "row",
                                "flex_justify_content": "center",
                                "flex_gap": {
                                    "column": "20",
                                    "row": "20",
                                    "isLinked": true,
                                    "unit": "px",
                                    "size": 20
                                },
                                "animation": "fadeInUp",
                                "animation_delay": 200
                            },
                            "elements": [
                                {
                                    "id": "b0dffe2",
                                    "settings": {
                                        "title": "Home",
                                        "__globals__": {
                                            "title_color": "globals\/colors?id=3facd0c",
                                            "typography_typography": "globals\/typography?id=fae77b1"
                                        },
                                        "align_mobile": "center",
                                        "align": "center"
                                    },
                                    "elements": [],
                                    "isInner": false,
                                    "widgetType": "heading",
                                    "elType": "widget"
                                },
                                {
                                    "id": "7a3e4b59",
                                    "settings": {
                                        "title": "\/",
                                        "__globals__": {
                                            "title_color": "globals\/colors?id=3facd0c",
                                            "typography_typography": "globals\/typography?id=fae77b1"
                                        },
                                        "align_mobile": "center",
                                        "align": "center"
                                    },
                                    "elements": [],
                                    "isInner": false,
                                    "widgetType": "heading",
                                    "elType": "widget"
                                },
                                {
                                    "id": "17daa882",
                                    "settings": {
                                        "title": "FAQs",
                                        "__globals__": {
                                            "title_color": "globals\/colors?id=3facd0c",
                                            "typography_typography": "globals\/typography?id=fae77b1"
                                        },
                                        "align_mobile": "center",
                                        "align": "center"
                                    },
                                    "elements": [],
                                    "isInner": false,
                                    "widgetType": "heading",
                                    "elType": "widget"
                                }
                            ],
                            "isInner": true,
                            "elType": "container"
                        }
                    ],
                    "isInner": true,
                    "elType": "container"
                }
            ],
            "isInner": false,
            "elType": "container"
        },
        {
            "id": "6e28c8ad",
            "settings": {
                "structure": "20",
                "padding": {
                    "unit": "px",
                    "top": "250",
                    "right": "0",
                    "bottom": "100",
                    "left": "0",
                    "isLinked": false
                },
                "padding_tablet": {
                    "unit": "px",
                    "top": "150",
                    "right": "20",
                    "bottom": "100",
                    "left": "20",
                    "isLinked": false
                },
                "flex_direction": "column",
                "flex_gap": {
                    "unit": "px",
                    "size": 0,
                    "column": "0",
                    "row": "0",
                    "isLinked": true
                },
                "padding_mobile": {
                    "unit": "px",
                    "top": "150",
                    "right": "10",
                    "bottom": "50",
                    "left": "10",
                    "isLinked": false
                },
                "__globals__": {
                    "background_color": "globals\/colors?id=secondary",
                    "background_color_b": "globals\/colors?id=3facd0c"
                },
                "_title": "FAQ",
                "background_background": "gradient"
            },
            "elements": [
                {
                    "id": "573601bc",
                    "settings": {
                        "boxed_width": {
                            "unit": "px",
                            "size": 600,
                            "sizes": []
                        },
                        "flex_justify_content": "center",
                        "flex_align_items": "center",
                        "flex_gap": {
                            "column": "10",
                            "row": "10",
                            "isLinked": true,
                            "unit": "px",
                            "size": 10
                        },
                        "animation": "fadeInUp"
                    },
                    "elements": [
                        {
                            "id": "18369ae",
                            "settings": {
                                "title": "FAQ About Service",
                                "__globals__": {
                                    "title_color": "globals\/colors?id=accent",
                                    "typography_typography": "globals\/typography?id=text"
                                },
                                "header_size": "h3",
                                "align": "center"
                            },
                            "elements": [],
                            "isInner": false,
                            "widgetType": "heading",
                            "elType": "widget"
                        },
                        {
                            "id": "6fd7e9ba",
                            "settings": {
                                "__globals__": {
                                    "text_color": "globals\/colors?id=text",
                                    "typography_typography": "globals\/typography?id=61dc13c"
                                },
                                "align": "center"
                            },
                            "elements": [],
                            "isInner": false,
                            "widgetType": "text-editor",
                            "elType": "widget"
                        }
                    ],
                    "isInner": true,
                    "elType": "container"
                },
                {
                    "id": "193e0cc0",
                    "settings": {
                        "flex_direction": "row",
                        "flex_gap": {
                            "column": "20",
                            "row": "20",
                            "isLinked": true,
                            "unit": "px",
                            "size": 20
                        },
                        "margin": {
                            "unit": "px",
                            "top": "50",
                            "right": "0",
                            "bottom": "0",
                            "left": "0",
                            "isLinked": false
                        }
                    },
                    "elements": [
                        {
                            "id": "5a39ce07",
                            "settings": {
                                "_column_size": 50,
                                "width": {
                                    "size": null,
                                    "unit": "%"
                                },
                                "content_width": "full",
                                "animation": "fadeInUp",
                                "animation_delay": 300
                            },
                            "elements": [
                                {
                                    "id": "344a826b",
                                    "settings": {
                                        "tabs": [
                                            {
                                                "tab_title": "How to Use Insurance?",
                                                "tab_content": "Lorem ipsum dolor sit amet, consectetur adipiscing elit. Ut elit tellus, luctus nec ullamcorper mattis, pulvinar dapibus leo.",
                                                "_id": "5385fe0"
                                            },
                                            {
                                                "tab_title": "How to check doctor?",
                                                "tab_content": "Lorem ipsum dolor sit amet, consectetur adipiscing elit. Ut elit tellus, luctus nec ullamcorper mattis, pulvinar dapibus leo.",
                                                "_id": "be6e020"
                                            }
                                        ],
                                        "border_width": {
                                            "unit": "px",
                                            "size": 0,
                                            "sizes": []
                                        },
                                        "space_between": {
                                            "unit": "px",
                                            "size": 5,
                                            "sizes": []
                                        },
                                        "title_padding": {
                                            "unit": "px",
                                            "top": "25",
                                            "right": "25",
                                            "bottom": "25",
                                            "left": "25",
                                            "isLinked": true
                                        },
                                        "icon_align": "right",
                                        "content_padding": {
                                            "unit": "px",
                                            "top": "25",
                                            "right": "25",
                                            "bottom": "25",
                                            "left": "25",
                                            "isLinked": true
                                        },
                                        "__globals__": {
                                            "title_background": "globals\/colors?id=3241d62",
                                            "tab_active_color": "globals\/colors?id=accent",
                                            "content_background_color": "globals\/colors?id=secondary",
                                            "title_typography_typography": "globals\/typography?id=9b0b514",
                                            "title_color": "globals\/colors?id=accent",
                                            "content_color": "globals\/colors?id=text",
                                            "content_typography_typography": "globals\/typography?id=fae77b1",
                                            "icon_color": "globals\/colors?id=accent",
                                            "icon_active_color": "globals\/colors?id=accent",
                                            "border_color": "globals\/colors?id=0d65b1c",
                                            "_border_color": "globals\/colors?id=0d65b1c",
                                            "_background_color": "globals\/colors?id=3facd0c"
                                        },
                                        "_background_background": "classic",
                                        "_border_border": "solid",
                                        "_border_width": {
                                            "unit": "px",
                                            "top": "1",
                                            "right": "1",
                                            "bottom": "1",
                                            "left": "1",
                                            "isLinked": true
                                        },
                                        "_border_radius": {
                                            "unit": "px",
                                            "top": "10",
                                            "right": "10",
                                            "bottom": "10",
                                            "left": "10",
                                            "isLinked": true
                                        }
                                    },
                                    "elements": [],
                                    "isInner": false,
                                    "widgetType": "toggle",
                                    "elType": "widget"
                                }
                            ],
                            "isInner": true,
                            "elType": "container"
                        },
                        {
                            "id": "71f493d9",
                            "settings": {
                                "_column_size": 50,
                                "width": {
                                    "size": null,
                                    "unit": "%"
                                },
                                "content_width": "full",
                                "animation": "fadeInUp",
                                "animation_delay": 200
                            },
                            "elements": [
                                {
                                    "id": "75fd99da",
                                    "settings": {
                                        "tabs": [
                                            {
                                                "tab_title": "How to register through the website?",
                                                "tab_content": "Lorem ipsum dolor sit amet, consectetur adipiscing elit. Ut elit tellus, luctus nec ullamcorper mattis, pulvinar dapibus leo.",
                                                "_id": "5385fe0"
                                            },
                                            {
                                                "tab_title": "How to order a doctor through the website?",
                                                "tab_content": "Lorem ipsum dolor sit amet, consectetur adipiscing elit. Ut elit tellus, luctus nec ullamcorper mattis, pulvinar dapibus leo.",
                                                "_id": "be6e020"
                                            }
                                        ],
                                        "border_width": {
                                            "unit": "px",
                                            "size": 0,
                                            "sizes": []
                                        },
                                        "space_between": {
                                            "unit": "px",
                                            "size": 5,
                                            "sizes": []
                                        },
                                        "title_padding": {
                                            "unit": "px",
                                            "top": "25",
                                            "right": "25",
                                            "bottom": "25",
                                            "left": "25",
                                            "isLinked": true
                                        },
                                        "icon_align": "right",
                                        "content_padding": {
                                            "unit": "px",
                                            "top": "25",
                                            "right": "25",
                                            "bottom": "25",
                                            "left": "25",
                                            "isLinked": true
                                        },
                                        "__globals__": {
                                            "title_background": "globals\/colors?id=3241d62",
                                            "tab_active_color": "globals\/colors?id=accent",
                                            "content_background_color": "globals\/colors?id=secondary",
                                            "title_typography_typography": "globals\/typography?id=9b0b514",
                                            "title_color": "globals\/colors?id=accent",
                                            "content_color": "globals\/colors?id=text",
                                            "content_typography_typography": "globals\/typography?id=fae77b1",
                                            "icon_color": "globals\/colors?id=accent",
                                            "icon_active_color": "globals\/colors?id=accent",
                                            "border_color": "globals\/colors?id=0d65b1c",
                                            "_border_color": "globals\/colors?id=0d65b1c",
                                            "_background_color": "globals\/colors?id=3facd0c"
                                        },
                                        "_background_background": "classic",
                                        "_border_border": "solid",
                                        "_border_width": {
                                            "unit": "px",
                                            "top": "1",
                                            "right": "1",
                                            "bottom": "1",
                                            "left": "1",
                                            "isLinked": true
                                        },
                                        "_border_radius": {
                                            "unit": "px",
                                            "top": "10",
                                            "right": "10",
                                            "bottom": "10",
                                            "left": "10",
                                            "isLinked": true
                                        }
                                    },
                                    "elements": [],
                                    "isInner": false,
                                    "widgetType": "toggle",
                                    "elType": "widget"
                                }
                            ],
                            "isInner": true,
                            "elType": "container"
                        }
                    ],
                    "isInner": true,
                    "elType": "container"
                }
            ],
            "isInner": false,
            "elType": "container"
        },
        {
            "id": "2e62a8c4",
            "settings": {
                "structure": "20",
                "padding": {
                    "unit": "px",
                    "top": "100",
                    "right": "0",
                    "bottom": "150",
                    "left": "0",
                    "isLinked": false
                },
                "padding_tablet": {
                    "unit": "px",
                    "top": "100",
                    "right": "20",
                    "bottom": "100",
                    "left": "20",
                    "isLinked": false
                },
                "flex_direction": "column",
                "flex_gap": {
                    "unit": "px",
                    "size": 0,
                    "column": "0",
                    "row": "0",
                    "isLinked": true
                },
                "padding_mobile": {
                    "unit": "px",
                    "top": "50",
                    "right": "10",
                    "bottom": "50",
                    "left": "10",
                    "isLinked": false
                },
                "__globals__": {
                    "background_color": "globals\/colors?id=primary",
                    "background_color_b": "globals\/colors?id=3241d62",
                    "background_overlay_color": "globals\/colors?id=primary",
                    "background_overlay_color_b": "globals\/colors?id=3241d62"
                },
                "_title": "FAQ",
                "background_color_b_stop": {
                    "unit": "%",
                    "size": 45,
                    "sizes": []
                },
                "background_gradient_angle": {
                    "unit": "deg",
                    "size": 230,
                    "sizes": []
                },
                "background_overlay_background": "gradient",
                "background_overlay_color_b_stop": {
                    "unit": "%",
                    "size": 45,
                    "sizes": []
                },
                "background_overlay_gradient_angle": {
                    "unit": "deg",
                    "size": 20,
                    "sizes": []
                },
                "background_overlay_opacity": {
                    "unit": "px",
                    "size": 0.3,
                    "sizes": []
                },
                "border_radius": {
                    "unit": "px",
                    "top": "0",
                    "right": "0",
                    "bottom": "0",
                    "left": "50",
                    "isLinked": false
                },
                "border_radius_mobile": {
                    "unit": "px",
                    "top": "0",
                    "right": "0",
                    "bottom": "50",
                    "left": "50",
                    "isLinked": false
                },
                "shape_divider_bottom_height": {
                    "unit": "px",
                    "size": 139,
                    "sizes": []
                }
            },
            "elements": [
                {
                    "id": "271cec31",
                    "settings": {
                        "boxed_width": {
                            "unit": "px",
                            "size": 600,
                            "sizes": []
                        },
                        "flex_justify_content": "center",
                        "flex_align_items": "center",
                        "flex_gap": {
                            "column": "10",
                            "row": "10",
                            "isLinked": true,
                            "unit": "px",
                            "size": 10
                        },
                        "animation": "fadeInUp"
                    },
                    "elements": [
                        {
                            "id": "3fcf1053",
                            "settings": {
                                "title": "FAQ About Psychologist",
                                "__globals__": {
                                    "title_color": "globals\/colors?id=accent",
                                    "typography_typography": "globals\/typography?id=text"
                                },
                                "header_size": "h3",
                                "align": "center"
                            },
                            "elements": [],
                            "isInner": false,
                            "widgetType": "heading",
                            "elType": "widget"
                        },
                        {
                            "id": "96c00ce",
                            "settings": {
                                "__globals__": {
                                    "text_color": "globals\/colors?id=text",
                                    "typography_typography": "globals\/typography?id=61dc13c"
                                },
                                "align": "center"
                            },
                            "elements": [],
                            "isInner": false,
                            "widgetType": "text-editor",
                            "elType": "widget"
                        }
                    ],
                    "isInner": true,
                    "elType": "container"
                },
                {
                    "id": "5f481aa7",
                    "settings": {
                        "flex_direction": "row",
                        "flex_gap": {
                            "column": "20",
                            "row": "20",
                            "isLinked": true,
                            "unit": "px",
                            "size": 20
                        },
                        "margin": {
                            "unit": "px",
                            "top": "50",
                            "right": "0",
                            "bottom": "0",
                            "left": "0",
                            "isLinked": false
                        }
                    },
                    "elements": [
                        {
                            "id": "1f5c79dc",
                            "settings": {
                                "_column_size": 50,
                                "width": {
                                    "size": null,
                                    "unit": "%"
                                },
                                "content_width": "full",
                                "animation": "fadeInUp",
                                "animation_delay": 300
                            },
                            "elements": [
                                {
                                    "id": "36f3db6d",
                                    "settings": {
                                        "tabs": [
                                            {
                                                "tab_title": "How to Use Insurance?",
                                                "tab_content": "Lorem ipsum dolor sit amet, consectetur adipiscing elit. Ut elit tellus, luctus nec ullamcorper mattis, pulvinar dapibus leo.",
                                                "_id": "5385fe0"
                                            },
                                            {
                                                "tab_title": "How to check doctor?",
                                                "tab_content": "Lorem ipsum dolor sit amet, consectetur adipiscing elit. Ut elit tellus, luctus nec ullamcorper mattis, pulvinar dapibus leo.",
                                                "_id": "be6e020"
                                            }
                                        ],
                                        "border_width": {
                                            "unit": "px",
                                            "size": 0,
                                            "sizes": []
                                        },
                                        "space_between": {
                                            "unit": "px",
                                            "size": 5,
                                            "sizes": []
                                        },
                                        "title_padding": {
                                            "unit": "px",
                                            "top": "25",
                                            "right": "25",
                                            "bottom": "25",
                                            "left": "25",
                                            "isLinked": true
                                        },
                                        "icon_align": "right",
                                        "content_padding": {
                                            "unit": "px",
                                            "top": "25",
                                            "right": "25",
                                            "bottom": "25",
                                            "left": "25",
                                            "isLinked": true
                                        },
                                        "__globals__": {
                                            "title_background": "globals\/colors?id=3241d62",
                                            "tab_active_color": "globals\/colors?id=accent",
                                            "content_background_color": "globals\/colors?id=secondary",
                                            "title_typography_typography": "globals\/typography?id=9b0b514",
                                            "title_color": "globals\/colors?id=accent",
                                            "content_color": "globals\/colors?id=text",
                                            "content_typography_typography": "globals\/typography?id=fae77b1",
                                            "icon_color": "globals\/colors?id=accent",
                                            "icon_active_color": "globals\/colors?id=accent",
                                            "border_color": "globals\/colors?id=0d65b1c",
                                            "_border_color": "globals\/colors?id=0d65b1c",
                                            "_background_color": "globals\/colors?id=3facd0c"
                                        },
                                        "_background_background": "classic",
                                        "_border_border": "solid",
                                        "_border_width": {
                                            "unit": "px",
                                            "top": "1",
                                            "right": "1",
                                            "bottom": "1",
                                            "left": "1",
                                            "isLinked": true
                                        },
                                        "_border_radius": {
                                            "unit": "px",
                                            "top": "10",
                                            "right": "10",
                                            "bottom": "10",
                                            "left": "10",
                                            "isLinked": true
                                        }
                                    },
                                    "elements": [],
                                    "isInner": false,
                                    "widgetType": "toggle",
                                    "elType": "widget"
                                }
                            ],
                            "isInner": true,
                            "elType": "container"
                        },
                        {
                            "id": "344fa8f2",
                            "settings": {
                                "_column_size": 50,
                                "width": {
                                    "size": null,
                                    "unit": "%"
                                },
                                "content_width": "full",
                                "animation": "fadeInUp",
                                "animation_delay": 200
                            },
                            "elements": [
                                {
                                    "id": "1a5ae786",
                                    "settings": {
                                        "tabs": [
                                            {
                                                "tab_title": "How to register through the website?",
                                                "tab_content": "Lorem ipsum dolor sit amet, consectetur adipiscing elit. Ut elit tellus, luctus nec ullamcorper mattis, pulvinar dapibus leo.",
                                                "_id": "5385fe0"
                                            },
                                            {
                                                "tab_title": "How to order a doctor through the website?",
                                                "tab_content": "Lorem ipsum dolor sit amet, consectetur adipiscing elit. Ut elit tellus, luctus nec ullamcorper mattis, pulvinar dapibus leo.",
                                                "_id": "be6e020"
                                            }
                                        ],
                                        "border_width": {
                                            "unit": "px",
                                            "size": 0,
                                            "sizes": []
                                        },
                                        "space_between": {
                                            "unit": "px",
                                            "size": 5,
                                            "sizes": []
                                        },
                                        "title_padding": {
                                            "unit": "px",
                                            "top": "25",
                                            "right": "25",
                                            "bottom": "25",
                                            "left": "25",
                                            "isLinked": true
                                        },
                                        "icon_align": "right",
                                        "content_padding": {
                                            "unit": "px",
                                            "top": "25",
                                            "right": "25",
                                            "bottom": "25",
                                            "left": "25",
                                            "isLinked": true
                                        },
                                        "__globals__": {
                                            "title_background": "globals\/colors?id=3241d62",
                                            "tab_active_color": "globals\/colors?id=accent",
                                            "content_background_color": "globals\/colors?id=secondary",
                                            "title_typography_typography": "globals\/typography?id=9b0b514",
                                            "title_color": "globals\/colors?id=accent",
                                            "content_color": "globals\/colors?id=text",
                                            "content_typography_typography": "globals\/typography?id=fae77b1",
                                            "icon_color": "globals\/colors?id=accent",
                                            "icon_active_color": "globals\/colors?id=accent",
                                            "border_color": "globals\/colors?id=0d65b1c",
                                            "_border_color": "globals\/colors?id=0d65b1c",
                                            "_background_color": "globals\/colors?id=3facd0c"
                                        },
                                        "_background_background": "classic",
                                        "_border_border": "solid",
                                        "_border_width": {
                                            "unit": "px",
                                            "top": "1",
                                            "right": "1",
                                            "bottom": "1",
                                            "left": "1",
                                            "isLinked": true
                                        },
                                        "_border_radius": {
                                            "unit": "px",
                                            "top": "10",
                                            "right": "10",
                                            "bottom": "10",
                                            "left": "10",
                                            "isLinked": true
                                        }
                                    },
                                    "elements": [],
                                    "isInner": false,
                                    "widgetType": "toggle",
                                    "elType": "widget"
                                }
                            ],
                            "isInner": true,
                            "elType": "container"
                        }
                    ],
                    "isInner": true,
                    "elType": "container"
                }
            ],
            "isInner": false,
            "elType": "container"
        }
    ]
}