{
    "version": "0.4",
    "title": "Footer",
    "type": "section",
    "metadata": {
        "template_type": "section-footer",
        "include_in_zip": "1",
        "elementor_pro_required": null,
        "wp_page_template": "elementor_canvas"
    },
    "content": [
        {
            "id": "714731f0",
            "settings": {
                "flex_direction": "column",
                "flex_gap": {
                    "unit": "px",
                    "size": 0,
                    "column": "0",
                    "row": "0",
                    "isLinked": true
                },
                "background_background": "classic",
                "padding": {
                    "unit": "px",
                    "top": "100",
                    "right": "0",
                    "bottom": "0",
                    "left": "0",
                    "isLinked": false
                },
                "__globals__": {
                    "background_color": "globals\/colors?id=secondary"
                },
                "padding_tablet": {
                    "unit": "px",
                    "top": "0",
                    "right": "0",
                    "bottom": "0",
                    "left": "0",
                    "isLinked": true
                },
                "padding_mobile": {
                    "unit": "px",
                    "top": "0",
                    "right": "0",
                    "bottom": "0",
                    "left": "0",
                    "isLinked": true
                },
                "content_width": "full",
                "flex_align_items": "flex-end",
                "_title": "Footer"
            },
            "elements": [
                {
                    "id": "2e2cd7a",
                    "settings": {
                        "flex_direction": "row",
                        "padding": {
                            "unit": "px",
                            "top": "0",
                            "right": "0",
                            "bottom": "100",
                            "left": "0",
                            "isLinked": false
                        },
                        "padding_tablet": {
                            "unit": "px",
                            "top": "100",
                            "right": "20",
                            "bottom": "100",
                            "left": "20",
                            "isLinked": false
                        },
                        "padding_mobile": {
                            "unit": "px",
                            "top": "50",
                            "right": "10",
                            "bottom": "50",
                            "left": "10",
                            "isLinked": false
                        }
                    },
                    "elements": [
                        {
                            "id": "56e53a7a",
                            "settings": {
                                "flex_direction": "column",
                                "content_width": "full",
                                "width": {
                                    "unit": "%",
                                    "size": 40
                                },
                                "flex_gap": {
                                    "column": "5",
                                    "row": "5",
                                    "isLinked": true,
                                    "unit": "px",
                                    "size": 5
                                },
                                "animation": "fadeInUp",
                                "animation_delay": 100,
                                "width_tablet": {
                                    "unit": "%",
                                    "size": 30,
                                    "sizes": []
                                },
                                "width_mobile": {
                                    "unit": "%",
                                    "size": "",
                                    "sizes": []
                                },
                                "flex_align_items": "flex-start",
                                "flex_justify_content": "flex-start"
                            },
                            "elements": [
                                {
                                    "id": "2721ecf5",
                                    "settings": {
                                        "image": {
                                            "id": 19,
                                            "url": "https:\/\/kits.typstd.com\/psykit\/wp-content\/uploads\/sites\/16\/2023\/10\/psykit.png",
                                            "alt": "",
                                            "source": "library",
                                            "size": ""
                                        },
                                        "image_size": "full",
                                        "align": "left",
                                        "width": {
                                            "unit": "%",
                                            "size": 50,
                                            "sizes": []
                                        },
                                        "align_mobile": "center",
                                        "space": {
                                            "unit": "%",
                                            "size": 50,
                                            "sizes": []
                                        },
                                        "_padding": {
                                            "unit": "px",
                                            "top": "0",
                                            "right": "0",
                                            "bottom": "0",
                                            "left": "0",
                                            "isLinked": true
                                        },
                                        "align_tablet": "left",
                                        "width_tablet": {
                                            "unit": "%",
                                            "size": 50,
                                            "sizes": []
                                        },
                                        "space_tablet": {
                                            "unit": "%",
                                            "size": 50,
                                            "sizes": []
                                        },
                                        "width_mobile": {
                                            "unit": "%",
                                            "size": 45,
                                            "sizes": []
                                        },
                                        "space_mobile": {
                                            "unit": "%",
                                            "size": 45,
                                            "sizes": []
                                        }
                                    },
                                    "elements": [],
                                    "isInner": false,
                                    "widgetType": "image",
                                    "elType": "widget"
                                },
                                {
                                    "id": "5b37d77a",
                                    "settings": {
                                        "editor": "<p>Interse is ipsum dolor sit amet, consectet adipiscing elit, sed do eiusmod tempor incididunt ut labore et dolore<\/p>",
                                        "__globals__": {
                                            "text_color": "globals\/colors?id=accent",
                                            "typography_typography": "globals\/typography?id=fae77b1"
                                        },
                                        "_margin": {
                                            "unit": "px",
                                            "top": "0",
                                            "right": "100",
                                            "bottom": "0",
                                            "left": "0",
                                            "isLinked": false
                                        },
                                        "_margin_mobile": {
                                            "unit": "px",
                                            "top": "0",
                                            "right": "0",
                                            "bottom": "0",
                                            "left": "0",
                                            "isLinked": false
                                        },
                                        "typography_line_height": {
                                            "unit": "em",
                                            "size": "",
                                            "sizes": []
                                        },
                                        "typography_word_spacing": {
                                            "unit": "em",
                                            "size": "",
                                            "sizes": []
                                        },
                                        "drop_cap_typography_line_height": {
                                            "unit": "em",
                                            "size": "",
                                            "sizes": []
                                        },
                                        "drop_cap_typography_word_spacing": {
                                            "unit": "em",
                                            "size": "",
                                            "sizes": []
                                        },
                                        "align_tablet": "left",
                                        "_margin_tablet": {
                                            "unit": "%",
                                            "top": "0",
                                            "right": "20",
                                            "bottom": "0",
                                            "left": "0",
                                            "isLinked": false
                                        },
                                        "align": "left",
                                        "align_mobile": "center"
                                    },
                                    "elements": [],
                                    "isInner": false,
                                    "widgetType": "text-editor",
                                    "elType": "widget"
                                }
                            ],
                            "isInner": true,
                            "elType": "container"
                        },
                        {
                            "id": "6b912b6e",
                            "settings": {
                                "flex_direction": "row",
                                "content_width": "full",
                                "width": {
                                    "unit": "%",
                                    "size": 60
                                },
                                "animation": "fadeInUp",
                                "animation_delay": 200,
                                "width_tablet": {
                                    "unit": "%",
                                    "size": 70,
                                    "sizes": []
                                },
                                "width_mobile": {
                                    "unit": "%",
                                    "size": "",
                                    "sizes": []
                                },
                                "margin": {
                                    "unit": "px",
                                    "top": "0",
                                    "right": "0",
                                    "bottom": "0",
                                    "left": "0",
                                    "isLinked": true
                                },
                                "padding": {
                                    "unit": "px",
                                    "top": "50",
                                    "right": "0",
                                    "bottom": "0",
                                    "left": "0",
                                    "isLinked": false
                                }
                            },
                            "elements": [
                                {
                                    "id": "275e3383",
                                    "settings": {
                                        "content_width": "full",
                                        "width_tablet": {
                                            "unit": "%",
                                            "size": 65,
                                            "sizes": []
                                        },
                                        "width_mobile": {
                                            "unit": "%",
                                            "size": "",
                                            "sizes": []
                                        }
                                    },
                                    "elements": [
                                        {
                                            "id": "64cb7eb7",
                                            "settings": {
                                                "title": "Other Pages",
                                                "__globals__": {
                                                    "title_color": "globals\/colors?id=accent",
                                                    "typography_typography": "globals\/typography?id=9b0b514"
                                                },
                                                "header_size": "h6",
                                                "align_mobile": "center",
                                                "_padding": {
                                                    "unit": "px",
                                                    "top": "0",
                                                    "right": "0",
                                                    "bottom": "24",
                                                    "left": "0",
                                                    "isLinked": false
                                                },
                                                "align_tablet": "left",
                                                "align": "left",
                                                "_padding_mobile": {
                                                    "unit": "px",
                                                    "top": "0",
                                                    "right": "0",
                                                    "bottom": "20",
                                                    "left": "0",
                                                    "isLinked": false
                                                }
                                            },
                                            "elements": [],
                                            "isInner": false,
                                            "widgetType": "heading",
                                            "elType": "widget"
                                        },
                                        {
                                            "id": "6f33247e",
                                            "settings": {
                                                "icon_list": [
                                                    {
                                                        "text": "About us",
                                                        "selected_icon": {
                                                            "value": "",
                                                            "library": ""
                                                        },
                                                        "_id": "cb16cce",
                                                        "link": {
                                                            "url": "#",
                                                            "is_external": "",
                                                            "nofollow": "",
                                                            "custom_attributes": ""
                                                        }
                                                    },
                                                    {
                                                        "text": "Blog",
                                                        "selected_icon": {
                                                            "value": "",
                                                            "library": ""
                                                        },
                                                        "_id": "cdabfe1",
                                                        "link": {
                                                            "url": "#",
                                                            "is_external": "",
                                                            "nofollow": "",
                                                            "custom_attributes": ""
                                                        }
                                                    },
                                                    {
                                                        "text": "Careers",
                                                        "selected_icon": {
                                                            "value": "",
                                                            "library": ""
                                                        },
                                                        "_id": "d5346cb",
                                                        "link": {
                                                            "url": "#",
                                                            "is_external": "",
                                                            "nofollow": "",
                                                            "custom_attributes": ""
                                                        }
                                                    },
                                                    {
                                                        "text": "Jobs",
                                                        "selected_icon": {
                                                            "value": "",
                                                            "library": ""
                                                        },
                                                        "_id": "1e50df0",
                                                        "link": {
                                                            "url": "#",
                                                            "is_external": "",
                                                            "nofollow": "",
                                                            "custom_attributes": ""
                                                        }
                                                    },
                                                    {
                                                        "text": "In Press",
                                                        "selected_icon": {
                                                            "value": "",
                                                            "library": ""
                                                        },
                                                        "_id": "a833d05",
                                                        "link": {
                                                            "url": "#",
                                                            "is_external": "",
                                                            "nofollow": "",
                                                            "custom_attributes": ""
                                                        }
                                                    }
                                                ],
                                                "space_between": {
                                                    "unit": "px",
                                                    "size": 20,
                                                    "sizes": []
                                                },
                                                "icon_align_mobile": "center",
                                                "__globals__": {
                                                    "text_color_hover": "",
                                                    "text_color": "globals\/colors?id=text",
                                                    "icon_typography_typography": "globals\/typography?id=fae77b1",
                                                    "icon_color": "globals\/colors?id=text",
                                                    "icon_color_hover": ""
                                                },
                                                "icon_align_tablet": "left"
                                            },
                                            "elements": [],
                                            "isInner": false,
                                            "widgetType": "icon-list",
                                            "elType": "widget"
                                        }
                                    ],
                                    "isInner": true,
                                    "elType": "container"
                                },
                                {
                                    "id": "16831e68",
                                    "settings": {
                                        "content_width": "full",
                                        "width_tablet": {
                                            "unit": "%",
                                            "size": 65,
                                            "sizes": []
                                        },
                                        "width_mobile": {
                                            "unit": "%",
                                            "size": "",
                                            "sizes": []
                                        },
                                        "padding_mobile": {
                                            "unit": "px",
                                            "top": "50",
                                            "right": "0",
                                            "bottom": "0",
                                            "left": "0",
                                            "isLinked": false
                                        }
                                    },
                                    "elements": [
                                        {
                                            "id": "df68088",
                                            "settings": {
                                                "title": "Quick Links",
                                                "__globals__": {
                                                    "title_color": "globals\/colors?id=accent",
                                                    "typography_typography": "globals\/typography?id=9b0b514"
                                                },
                                                "header_size": "h6",
                                                "align_tablet": "left",
                                                "align_mobile": "center",
                                                "_padding": {
                                                    "unit": "px",
                                                    "top": "0",
                                                    "right": "0",
                                                    "bottom": "24",
                                                    "left": "0",
                                                    "isLinked": false
                                                },
                                                "align": "left",
                                                "_padding_mobile": {
                                                    "unit": "px",
                                                    "top": "0",
                                                    "right": "0",
                                                    "bottom": "20",
                                                    "left": "0",
                                                    "isLinked": false
                                                }
                                            },
                                            "elements": [],
                                            "isInner": false,
                                            "widgetType": "heading",
                                            "elType": "widget"
                                        },
                                        {
                                            "id": "6973d3ca",
                                            "settings": {
                                                "icon_list": [
                                                    {
                                                        "text": "Privacy Policy",
                                                        "selected_icon": {
                                                            "value": "",
                                                            "library": ""
                                                        },
                                                        "link": {
                                                            "url": "#",
                                                            "is_external": "",
                                                            "nofollow": "",
                                                            "custom_attributes": ""
                                                        },
                                                        "_id": "8e5ccb4"
                                                    },
                                                    {
                                                        "text": "Term Of Service",
                                                        "selected_icon": {
                                                            "value": "",
                                                            "library": ""
                                                        },
                                                        "_id": "b2b06d7",
                                                        "link": {
                                                            "url": "#",
                                                            "is_external": "",
                                                            "nofollow": "",
                                                            "custom_attributes": ""
                                                        }
                                                    },
                                                    {
                                                        "text": "Credits",
                                                        "selected_icon": {
                                                            "value": "",
                                                            "library": ""
                                                        },
                                                        "link": {
                                                            "url": "#",
                                                            "is_external": "",
                                                            "nofollow": "",
                                                            "custom_attributes": ""
                                                        },
                                                        "_id": "2a5846b"
                                                    },
                                                    {
                                                        "text": "FAQ",
                                                        "selected_icon": {
                                                            "value": "",
                                                            "library": ""
                                                        },
                                                        "link": {
                                                            "url": "#",
                                                            "is_external": "",
                                                            "nofollow": "",
                                                            "custom_attributes": ""
                                                        },
                                                        "_id": "5e3d813"
                                                    }
                                                ],
                                                "space_between": {
                                                    "unit": "px",
                                                    "size": 20,
                                                    "sizes": []
                                                },
                                                "__globals__": {
                                                    "text_color_hover": "",
                                                    "text_color": "globals\/colors?id=text",
                                                    "icon_color": "globals\/colors?id=text",
                                                    "icon_typography_typography": "globals\/typography?id=fae77b1",
                                                    "icon_color_hover": ""
                                                },
                                                "icon_align_tablet": "left",
                                                "icon_align_mobile": "center"
                                            },
                                            "elements": [],
                                            "isInner": false,
                                            "widgetType": "icon-list",
                                            "elType": "widget"
                                        }
                                    ],
                                    "isInner": true,
                                    "elType": "container"
                                },
                                {
                                    "id": "58af20d2",
                                    "settings": {
                                        "padding_mobile": {
                                            "unit": "px",
                                            "top": "50",
                                            "right": "0",
                                            "bottom": "0",
                                            "left": "0",
                                            "isLinked": false
                                        }
                                    },
                                    "elements": [
                                        {
                                            "id": "4f3a84e9",
                                            "settings": {
                                                "title": "Contact Details",
                                                "__globals__": {
                                                    "title_color": "globals\/colors?id=accent",
                                                    "typography_typography": "globals\/typography?id=9b0b514"
                                                },
                                                "header_size": "h6",
                                                "align_tablet": "left",
                                                "align_mobile": "center",
                                                "_padding": {
                                                    "unit": "px",
                                                    "top": "0",
                                                    "right": "0",
                                                    "bottom": "24",
                                                    "left": "0",
                                                    "isLinked": false
                                                },
                                                "align": "left",
                                                "_padding_mobile": {
                                                    "unit": "px",
                                                    "top": "0",
                                                    "right": "0",
                                                    "bottom": "20",
                                                    "left": "0",
                                                    "isLinked": false
                                                }
                                            },
                                            "elements": [],
                                            "isInner": false,
                                            "widgetType": "heading",
                                            "elType": "widget"
                                        },
                                        {
                                            "id": "2cce96aa",
                                            "settings": {
                                                "icon_list": [
                                                    {
                                                        "text": "Bali, Indonesia",
                                                        "selected_icon": {
                                                            "value": "jki jki-map-marker1-light",
                                                            "library": "jkiticon"
                                                        },
                                                        "_id": "8cfc1eb"
                                                    },
                                                    {
                                                        "text": "support@psykit.com",
                                                        "selected_icon": {
                                                            "value": "jki jki-mail-line",
                                                            "library": "jkiticon"
                                                        },
                                                        "_id": "01dad71"
                                                    },
                                                    {
                                                        "text": "123-456-7890",
                                                        "selected_icon": {
                                                            "value": "jki jki-phone-call-light",
                                                            "library": "jkiticon"
                                                        },
                                                        "_id": "e0e44de"
                                                    }
                                                ],
                                                "space_between": {
                                                    "unit": "px",
                                                    "size": 20,
                                                    "sizes": []
                                                },
                                                "__globals__": {
                                                    "icon_color": "globals\/colors?id=text",
                                                    "text_color": "globals\/colors?id=text",
                                                    "icon_typography_typography": "globals\/typography?id=fae77b1",
                                                    "text_color_hover": "",
                                                    "icon_color_hover": ""
                                                },
                                                "icon_align_tablet": "left",
                                                "icon_align_mobile": "center"
                                            },
                                            "elements": [],
                                            "isInner": false,
                                            "widgetType": "icon-list",
                                            "elType": "widget"
                                        }
                                    ],
                                    "isInner": true,
                                    "elType": "container"
                                }
                            ],
                            "isInner": true,
                            "elType": "container"
                        }
                    ],
                    "isInner": true,
                    "elType": "container"
                },
                {
                    "id": "42788019",
                    "settings": {
                        "content_width": "full",
                        "background_background": "classic",
                        "__globals__": {
                            "background_color": "globals\/colors?id=8b2acbe"
                        }
                    },
                    "elements": [
                        {
                            "id": "4c6bf96e",
                            "settings": {
                                "min_height": {
                                    "unit": "px",
                                    "size": 60,
                                    "sizes": []
                                },
                                "flex_direction": "row",
                                "flex_justify_content": "space-between",
                                "flex_align_items": "center",
                                "flex_justify_content_mobile": "center",
                                "padding_tablet": {
                                    "unit": "px",
                                    "top": "0",
                                    "right": "20",
                                    "bottom": "0",
                                    "left": "20",
                                    "isLinked": false
                                },
                                "padding_mobile": {
                                    "unit": "px",
                                    "top": "10",
                                    "right": "10",
                                    "bottom": "10",
                                    "left": "10",
                                    "isLinked": false
                                }
                            },
                            "elements": [
                                {
                                    "id": "7967f094",
                                    "settings": {
                                        "view": "inline",
                                        "icon_list": [
                                            {
                                                "text": "Privacy policy",
                                                "selected_icon": {
                                                    "value": "",
                                                    "library": ""
                                                },
                                                "_id": "cb16cce"
                                            },
                                            {
                                                "text": "Sitemap",
                                                "selected_icon": {
                                                    "value": "",
                                                    "library": ""
                                                },
                                                "_id": "cdabfe1"
                                            },
                                            {
                                                "text": "Terms of Use",
                                                "selected_icon": {
                                                    "value": "",
                                                    "library": ""
                                                },
                                                "_id": "d5346cb"
                                            }
                                        ],
                                        "space_between": {
                                            "unit": "px",
                                            "size": 20,
                                            "sizes": []
                                        },
                                        "__globals__": {
                                            "icon_color": "globals\/colors?id=3facd0c",
                                            "icon_color_hover": "",
                                            "text_color": "globals\/colors?id=3facd0c",
                                            "text_color_hover": "",
                                            "icon_typography_typography": "globals\/typography?id=fae77b1"
                                        },
                                        "icon_align_mobile": "center",
                                        "icon_align_tablet": "left",
                                        "_animation": "fadeInUp"
                                    },
                                    "elements": [],
                                    "isInner": false,
                                    "widgetType": "icon-list",
                                    "elType": "widget"
                                },
                                {
                                    "id": "630fedc7",
                                    "settings": {
                                        "title": "Psykit \u00a9 2023, All Rights Reserved",
                                        "header_size": "h6",
                                        "align": "right",
                                        "align_mobile": "center",
                                        "__globals__": {
                                            "title_color": "globals\/colors?id=3facd0c",
                                            "typography_typography": "globals\/typography?id=fae77b1"
                                        },
                                        "_animation": "fadeInUp"
                                    },
                                    "elements": [],
                                    "isInner": false,
                                    "widgetType": "heading",
                                    "elType": "widget"
                                }
                            ],
                            "isInner": true,
                            "elType": "container"
                        }
                    ],
                    "isInner": true,
                    "elType": "container"
                }
            ],
            "isInner": false,
            "elType": "container"
        }
    ]
}