{
    "version": "0.4",
    "title": "Global Kit Styles",
    "type": "section",
    "metadata": {
        "template_type": "global-styles",
        "include_in_zip": "1",
        "elementor_pro_required": null,
        "additional_template_information": [
            "These are the global theme styles configured through the Elementor Theme Styles area."
        ],
        "wp_page_template": "default"
    },
    "content": [],
    "page_settings": {
        "system_colors": [
            {
                "_id": "primary",
                "title": "Primary",
                "color": "#FA8735"
            },
            {
                "_id": "secondary",
                "title": "Secondary",
                "color": "#F9F9F9"
            },
            {
                "_id": "text",
                "title": "Text",
                "color": "#606060"
            },
            {
                "_id": "accent",
                "title": "Accent",
                "color": "#231F20"
            }
        ],
        "custom_colors": [
            {
                "_id": "3241d62",
                "title": "Transparant",
                "color": "#02010100"
            },
            {
                "_id": "3facd0c",
                "title": "White",
                "color": "#FFFFFF"
            },
            {
                "_id": "0d65b1c",
                "title": "Accent White",
                "color": "#E7E7E7"
            },
            {
                "_id": "8b2acbe",
                "title": "Accent Grey",
                "color": "#1F2227"
            },
            {
                "_id": "ed6530c",
                "title": "Yellow",
                "color": "#FFF95B"
            }
        ],
        "system_typography": [
            {
                "_id": "primary",
                "title": "H1",
                "typography_typography": "custom",
                "typography_font_family": "Raleway",
                "typography_font_weight": "500",
                "typography_font_size": {
                    "unit": "px",
                    "size": 64,
                    "sizes": []
                },
                "typography_font_size_tablet": {
                    "unit": "px",
                    "size": 58,
                    "sizes": []
                },
                "typography_font_size_mobile": {
                    "unit": "px",
                    "size": 52,
                    "sizes": []
                },
                "typography_line_height": {
                    "unit": "em",
                    "size": "",
                    "sizes": []
                }
            },
            {
                "_id": "secondary",
                "title": "H2",
                "typography_typography": "custom",
                "typography_font_family": "Raleway",
                "typography_font_weight": "500",
                "typography_font_size": {
                    "unit": "px",
                    "size": 48,
                    "sizes": []
                },
                "typography_font_size_tablet": {
                    "unit": "px",
                    "size": 42,
                    "sizes": []
                },
                "typography_font_size_mobile": {
                    "unit": "px",
                    "size": 36,
                    "sizes": []
                },
                "typography_line_height": {
                    "unit": "em",
                    "size": 1.2,
                    "sizes": []
                }
            },
            {
                "_id": "text",
                "title": "H3",
                "typography_typography": "custom",
                "typography_font_family": "Raleway",
                "typography_font_weight": "500",
                "typography_font_size": {
                    "unit": "px",
                    "size": 40,
                    "sizes": []
                },
                "typography_font_size_tablet": {
                    "unit": "px",
                    "size": 34,
                    "sizes": []
                },
                "typography_font_size_mobile": {
                    "unit": "px",
                    "size": 28,
                    "sizes": []
                },
                "typography_line_height": {
                    "unit": "em",
                    "size": 1.2,
                    "sizes": []
                }
            },
            {
                "_id": "accent",
                "title": "H4",
                "typography_typography": "custom",
                "typography_font_family": "Raleway",
                "typography_font_weight": "400",
                "typography_font_size": {
                    "unit": "px",
                    "size": 32,
                    "sizes": []
                },
                "typography_font_size_tablet": {
                    "unit": "px",
                    "size": 26,
                    "sizes": []
                },
                "typography_font_size_mobile": {
                    "unit": "px",
                    "size": 21,
                    "sizes": []
                },
                "typography_line_height": {
                    "unit": "em",
                    "size": 1.2,
                    "sizes": []
                }
            }
        ],
        "custom_typography": [
            {
                "_id": "b201395",
                "title": "H5",
                "typography_typography": "custom",
                "typography_font_family": "Raleway",
                "typography_font_size": {
                    "unit": "px",
                    "size": 16,
                    "sizes": []
                },
                "typography_font_weight": "700",
                "typography_font_size_tablet": {
                    "unit": "px",
                    "size": 16,
                    "sizes": []
                },
                "typography_font_size_mobile": {
                    "unit": "px",
                    "size": 14,
                    "sizes": []
                },
                "typography_text_decoration": "none",
                "typography_text_transform": "uppercase",
                "typography_letter_spacing": {
                    "unit": "px",
                    "size": 2.5,
                    "sizes": []
                },
                "typography_line_height": {
                    "unit": "em",
                    "size": 1.2,
                    "sizes": []
                }
            },
            {
                "_id": "9b0b514",
                "title": "H6",
                "typography_typography": "custom",
                "typography_font_family": "Lato",
                "typography_font_size": {
                    "unit": "px",
                    "size": 24,
                    "sizes": []
                },
                "typography_font_weight": "400",
                "typography_font_size_tablet": {
                    "unit": "px",
                    "size": 18,
                    "sizes": []
                },
                "typography_font_size_mobile": {
                    "unit": "px",
                    "size": 18,
                    "sizes": []
                },
                "typography_text_decoration": "none",
                "typography_line_height": {
                    "unit": "em",
                    "size": 1.2,
                    "sizes": []
                }
            },
            {
                "_id": "fae77b1",
                "title": "Text Body",
                "typography_typography": "custom",
                "typography_font_family": "Lato",
                "typography_font_size": {
                    "unit": "px",
                    "size": 16,
                    "sizes": []
                },
                "typography_font_weight": "400",
                "typography_font_size_tablet": {
                    "unit": "px",
                    "size": 16,
                    "sizes": []
                },
                "typography_font_size_mobile": {
                    "unit": "px",
                    "size": 14,
                    "sizes": []
                },
                "typography_text_decoration": "none",
                "typography_line_height": {
                    "unit": "em",
                    "size": 1.5,
                    "sizes": []
                }
            },
            {
                "_id": "a657652",
                "title": "Text Counting Number",
                "typography_typography": "custom",
                "typography_font_family": "Lato",
                "typography_font_size": {
                    "unit": "px",
                    "size": 72,
                    "sizes": []
                },
                "typography_font_weight": "700",
                "typography_font_size_tablet": {
                    "unit": "px",
                    "size": 58,
                    "sizes": []
                },
                "typography_font_size_mobile": {
                    "unit": "px",
                    "size": 52,
                    "sizes": []
                },
                "typography_line_height": {
                    "unit": "em",
                    "size": 1.2,
                    "sizes": []
                }
            },
            {
                "_id": "bb34755",
                "title": "Text Sub Header",
                "typography_typography": "custom",
                "typography_font_family": "Lato",
                "typography_font_size": {
                    "unit": "px",
                    "size": 12,
                    "sizes": []
                },
                "typography_font_size_tablet": {
                    "unit": "px",
                    "size": 12,
                    "sizes": []
                },
                "typography_font_size_mobile": {
                    "unit": "px",
                    "size": 12,
                    "sizes": []
                },
                "typography_font_weight": "400",
                "typography_line_height": {
                    "unit": "em",
                    "size": 1.2,
                    "sizes": []
                }
            },
            {
                "_id": "61dc13c",
                "title": "Accent",
                "typography_typography": "custom",
                "typography_font_family": "Lato",
                "typography_font_size": {
                    "unit": "px",
                    "size": 20,
                    "sizes": []
                },
                "typography_font_weight": "400",
                "typography_font_size_tablet": {
                    "unit": "px",
                    "size": 17,
                    "sizes": []
                },
                "typography_font_size_mobile": {
                    "unit": "px",
                    "size": 16,
                    "sizes": []
                },
                "typography_line_height": {
                    "unit": "em",
                    "size": 1.2,
                    "sizes": []
                }
            }
        ],
        "default_generic_fonts": "Sans-serif",
        "space_between_widgets": {
            "column": "0",
            "row": "0",
            "isLinked": true,
            "unit": "px",
            "size": 0,
            "sizes": []
        },
        "page_title_selector": "h1.entry-title",
        "default_page_template": "elementor_canvas",
        "hello_footer_copyright_text": "All rights reserved",
        "activeItemIndex": 5,
        "__globals__": {
            "body_background_color": "globals\/colors?id=3facd0c",
            "h1_typography_typography": "globals\/typography?id=primary",
            "h1_color": "globals\/colors?id=secondary",
            "h2_color": "globals\/colors?id=text",
            "h2_typography_typography": "globals\/typography?id=secondary",
            "h3_color": "globals\/colors?id=text",
            "h3_typography_typography": "globals\/typography?id=text",
            "h4_color": "globals\/colors?id=text",
            "h4_typography_typography": "globals\/typography?id=accent",
            "h5_color": "globals\/colors?id=text",
            "h5_typography_typography": "globals\/typography?id=b201395",
            "h6_color": "globals\/colors?id=text",
            "h6_typography_typography": "globals\/typography?id=9b0b514",
            "body_color": "globals\/colors?id=text",
            "body_typography_typography": "globals\/typography?id=fae77b1",
            "link_normal_color": "globals\/colors?id=accent",
            "link_normal_typography_typography": "globals\/typography?id=9b0b514",
            "button_typography_typography": "globals\/typography?id=fae77b1",
            "button_text_color": "globals\/colors?id=3facd0c",
            "button_background_color": "globals\/colors?id=accent",
            "button_hover_text_color": "globals\/colors?id=3facd0c",
            "button_hover_background_color": "globals\/colors?id=accent",
            "mobile_browser_background": "globals\/colors?id=3facd0c"
        },
        "viewport_md": 768,
        "viewport_lg": 1025,
        "body_color": "#393E46",
        "link_normal_color": "#00ADB5",
        "h1_color": "#222831",
        "h2_color": "#222831",
        "h3_color": "#222831",
        "h4_color": "#222831",
        "h5_color": "#222831",
        "h6_color": "#222831",
        "body_background_color": "#EEEEEE",
        "button_border_radius": {
            "unit": "px",
            "top": "50",
            "right": "50",
            "bottom": "50",
            "left": "50",
            "isLinked": true
        },
        "button_padding": {
            "unit": "px",
            "top": "15",
            "right": "35",
            "bottom": "15",
            "left": "35",
            "isLinked": false
        },
        "body_background_background": "classic",
        "container_padding": {
            "unit": "px",
            "top": "0",
            "right": "0",
            "bottom": "0",
            "left": "0",
            "isLinked": true
        }
    }
}