{
    "version": "0.4",
    "title": "Header",
    "type": "section",
    "metadata": {
        "template_type": "section-header",
        "include_in_zip": "1",
        "elementor_pro_required": null,
        "wp_page_template": "elementor_canvas"
    },
    "content": [
        {
            "id": "797fcd31",
            "settings": {
                "flex_direction": "column",
                "content_width": "full",
                "_title": "Header"
            },
            "elements": [
                {
                    "id": "532c5fca",
                    "settings": {
                        "min_height": {
                            "unit": "px",
                            "size": 40,
                            "sizes": []
                        },
                        "flex_direction": "row",
                        "flex_align_items": "center",
                        "flex_gap": {
                            "size": 10,
                            "column": "10",
                            "row": "10",
                            "unit": "px",
                            "isLinked": true
                        },
                        "background_background": "classic",
                        "padding": {
                            "unit": "px",
                            "top": "0",
                            "right": "0",
                            "bottom": "0",
                            "left": "0",
                            "isLinked": true
                        },
                        "animation": "fadeInDown",
                        "animation_delay": 100,
                        "hide_mobile": "hidden-mobile",
                        "__globals__": {
                            "background_color": "globals\/colors?id=accent"
                        },
                        "padding_tablet": {
                            "unit": "px",
                            "top": "10",
                            "right": "20",
                            "bottom": "10",
                            "left": "20",
                            "isLinked": false
                        },
                        "_title": "Sub Menu",
                        "z_index": 11
                    },
                    "elements": [
                        {
                            "id": "72bad0b4",
                            "settings": {
                                "_column_size": 66,
                                "width": {
                                    "size": null,
                                    "unit": "%"
                                },
                                "content_width": "full"
                            },
                            "elements": [
                                {
                                    "id": "1d047c6c",
                                    "settings": {
                                        "view": "inline",
                                        "icon_list": [
                                            {
                                                "text": "123 Anywhere St., Any City, ST 12345",
                                                "selected_icon": {
                                                    "value": "fas fa-map-marker-alt",
                                                    "library": "fa-solid"
                                                },
                                                "_id": "e46bab9"
                                            },
                                            {
                                                "_id": "aef39bf",
                                                "text": "hello@reallygreatsite.com",
                                                "selected_icon": {
                                                    "value": "fas fa-envelope-open",
                                                    "library": "fa-solid"
                                                }
                                            },
                                            {
                                                "text": "+123-456-7890",
                                                "selected_icon": {
                                                    "value": "fas fa-phone-alt",
                                                    "library": "fa-solid"
                                                },
                                                "_id": "0082222"
                                            }
                                        ],
                                        "icon_size": {
                                            "unit": "px",
                                            "size": 12,
                                            "sizes": []
                                        },
                                        "icon_align_mobile": "center",
                                        "__globals__": {
                                            "icon_typography_typography": "globals\/typography?id=bb34755",
                                            "text_color": "globals\/colors?id=3facd0c",
                                            "icon_color": "globals\/colors?id=3facd0c"
                                        },
                                        "space_between": {
                                            "unit": "px",
                                            "size": 20,
                                            "sizes": []
                                        },
                                        "icon_align": "left",
                                        "text_indent": {
                                            "unit": "px",
                                            "size": 0,
                                            "sizes": []
                                        },
                                        "icon_self_align": "left",
                                        "icon_self_vertical_align": "flex-start",
                                        "icon_vertical_offset": {
                                            "unit": "px",
                                            "size": -1,
                                            "sizes": []
                                        }
                                    },
                                    "elements": [],
                                    "isInner": false,
                                    "widgetType": "icon-list",
                                    "elType": "widget"
                                }
                            ],
                            "isInner": true,
                            "elType": "container"
                        },
                        {
                            "id": "26196bf",
                            "settings": {
                                "_column_size": 33,
                                "width": {
                                    "size": 50,
                                    "unit": "%"
                                },
                                "content_width": "full",
                                "width_tablet": {
                                    "unit": "%",
                                    "size": 29,
                                    "sizes": []
                                },
                                "width_mobile": {
                                    "unit": "%",
                                    "size": "",
                                    "sizes": []
                                }
                            },
                            "elements": [
                                {
                                    "id": "145b474f",
                                    "settings": {
                                        "icon_list": [
                                            {
                                                "text": "",
                                                "selected_icon": {
                                                    "value": "fab fa-facebook-square",
                                                    "library": "fa-brands"
                                                },
                                                "_id": "cedf5ab",
                                                "link": {
                                                    "url": "#",
                                                    "is_external": "",
                                                    "nofollow": "",
                                                    "custom_attributes": ""
                                                }
                                            },
                                            {
                                                "text": "",
                                                "selected_icon": {
                                                    "value": "fab fa-instagram",
                                                    "library": "fa-brands"
                                                },
                                                "link": {
                                                    "url": "#",
                                                    "is_external": "",
                                                    "nofollow": "",
                                                    "custom_attributes": ""
                                                },
                                                "_id": "f828332"
                                            },
                                            {
                                                "text": "",
                                                "selected_icon": {
                                                    "value": "fab fa-twitter-square",
                                                    "library": "fa-brands"
                                                },
                                                "link": {
                                                    "url": "#",
                                                    "is_external": "",
                                                    "nofollow": "",
                                                    "custom_attributes": ""
                                                },
                                                "_id": "11d6bb2"
                                            },
                                            {
                                                "text": "",
                                                "selected_icon": {
                                                    "value": "fab fa-youtube",
                                                    "library": "fa-brands"
                                                },
                                                "link": {
                                                    "url": "#",
                                                    "is_external": "",
                                                    "nofollow": "",
                                                    "custom_attributes": ""
                                                },
                                                "_id": "1c81dc7"
                                            }
                                        ],
                                        "space_between": {
                                            "unit": "px",
                                            "size": 20,
                                            "sizes": []
                                        },
                                        "icon_align": "right",
                                        "icon_size": {
                                            "unit": "px",
                                            "size": 13,
                                            "sizes": []
                                        },
                                        "icon_self_align": "center",
                                        "text_color_hover": "#57BDB9",
                                        "view": "inline",
                                        "icon_align_mobile": "center",
                                        "__globals__": {
                                            "divider_color": "",
                                            "icon_color_hover": "",
                                            "text_color": "globals\/colors?id=3facd0c",
                                            "icon_color": "globals\/colors?id=3facd0c",
                                            "icon_typography_typography": "globals\/typography?id=bb34755"
                                        }
                                    },
                                    "elements": [],
                                    "isInner": false,
                                    "widgetType": "icon-list",
                                    "elType": "widget"
                                }
                            ],
                            "isInner": true,
                            "elType": "container"
                        }
                    ],
                    "isInner": true,
                    "elType": "container"
                },
                {
                    "id": "7b2dd4c0",
                    "settings": {
                        "min_height_tablet": {
                            "unit": "vh",
                            "size": "",
                            "sizes": []
                        },
                        "min_height_mobile": {
                            "unit": "vh",
                            "size": "",
                            "sizes": []
                        },
                        "flex_direction": "row",
                        "flex_justify_content": "center",
                        "flex_align_items": "center",
                        "flex_align_items_tablet": "stretch",
                        "flex_gap": {
                            "unit": "px",
                            "size": 0,
                            "column": "0",
                            "row": "0",
                            "isLinked": true
                        },
                        "background_background": "classic",
                        "border_border": "solid",
                        "border_width": {
                            "unit": "px",
                            "top": "0",
                            "right": "0",
                            "bottom": "1",
                            "left": "0",
                            "isLinked": false
                        },
                        "box_shadow_box_shadow_type": "yes",
                        "box_shadow_box_shadow": {
                            "horizontal": 0,
                            "vertical": 0,
                            "blur": 10,
                            "spread": 0,
                            "color": "rgba(0, 0, 0, 0.1)"
                        },
                        "margin_mobile": {
                            "unit": "px",
                            "top": "0",
                            "right": "0",
                            "bottom": "0",
                            "left": "0",
                            "isLinked": false
                        },
                        "z_index": 10,
                        "jkit_sticky_section": "enabled",
                        "animation": "fadeInDown",
                        "animation_delay": 100,
                        "__globals__": {
                            "border_color": "globals\/colors?id=0d65b1c",
                            "background_color": "globals\/colors?id=3facd0c"
                        },
                        "padding_tablet": {
                            "unit": "px",
                            "top": "0",
                            "right": "20",
                            "bottom": "0",
                            "left": "20",
                            "isLinked": false
                        },
                        "_title": "Menu",
                        "flex_justify_content_tablet": "space-between",
                        "padding_mobile": {
                            "unit": "px",
                            "top": "0",
                            "right": "10",
                            "bottom": "0",
                            "left": "10",
                            "isLinked": false
                        }
                    },
                    "elements": [
                        {
                            "id": "3e203872",
                            "settings": {
                                "flex_direction": "column",
                                "content_width": "full",
                                "width": {
                                    "unit": "%",
                                    "size": 12
                                },
                                "width_tablet": {
                                    "unit": "%",
                                    "size": 15,
                                    "sizes": []
                                },
                                "width_mobile": {
                                    "unit": "%",
                                    "size": 45,
                                    "sizes": []
                                },
                                "padding": {
                                    "unit": "px",
                                    "top": "0",
                                    "right": "0",
                                    "bottom": "0",
                                    "left": "0",
                                    "isLinked": true
                                },
                                "padding_tablet": {
                                    "unit": "px",
                                    "top": "0",
                                    "right": "0",
                                    "bottom": "0",
                                    "left": "0",
                                    "isLinked": false
                                },
                                "padding_mobile": {
                                    "unit": "px",
                                    "top": "0",
                                    "right": "0",
                                    "bottom": "0",
                                    "left": "0",
                                    "isLinked": false
                                },
                                "flex_justify_content": "center",
                                "flex_align_items": "flex-start",
                                "flex_align_items_tablet": "flex-start"
                            },
                            "elements": [
                                {
                                    "id": "1b1b7e99",
                                    "settings": {
                                        "image": {
                                            "id": 19,
                                            "url": "https:\/\/kits.typstd.com\/psykit\/wp-content\/uploads\/sites\/16\/2023\/10\/psykit.png",
                                            "alt": "",
                                            "source": "library",
                                            "size": ""
                                        },
                                        "align_mobile": "left",
                                        "width_tablet": {
                                            "unit": "px",
                                            "size": 100,
                                            "sizes": []
                                        },
                                        "width_mobile": {
                                            "unit": "px",
                                            "size": 100,
                                            "sizes": []
                                        }
                                    },
                                    "elements": [],
                                    "isInner": false,
                                    "widgetType": "image",
                                    "elType": "widget"
                                }
                            ],
                            "isInner": true,
                            "elType": "container"
                        },
                        {
                            "id": "5b12067b",
                            "settings": {
                                "flex_direction": "column",
                                "content_width": "full",
                                "width": {
                                    "unit": "%",
                                    "size": 68
                                },
                                "width_mobile": {
                                    "unit": "%",
                                    "size": 55,
                                    "sizes": []
                                },
                                "padding": {
                                    "unit": "px",
                                    "top": "0",
                                    "right": "0",
                                    "bottom": "0",
                                    "left": "0",
                                    "isLinked": true
                                },
                                "width_tablet": {
                                    "unit": "%",
                                    "size": 40,
                                    "sizes": []
                                },
                                "flex_justify_content": "center",
                                "flex_align_items": "center",
                                "flex_align_items_mobile": "flex-end",
                                "flex_align_items_tablet": "flex-end",
                                "_flex_order_tablet": "end"
                            },
                            "elements": [
                                {
                                    "id": "22728857",
                                    "settings": {
                                        "elementskit_submenu_container_width": "220px",
                                        "elementskit_nav_menu": "main-menu",
                                        "elementskit_main_menu_position": "elementskit-menu-po-center",
                                        "__globals__": {
                                            "elementskit_content_typography_typography": "globals\/typography?id=fae77b1",
                                            "elementskit_menu_text_color": "globals\/colors?id=accent",
                                            "elementskit_item_color_hover": "globals\/colors?id=primary",
                                            "elementskit_nav_menu_active_text_color": "globals\/colors?id=primary",
                                            "elementskit_style_tab_submenu_indicator_color": "globals\/colors?id=accent",
                                            "elementskit_menu_item_typography_typography": "globals\/typography?id=fae77b1",
                                            "elementskit_submenu_item_color": "globals\/colors?id=accent",
                                            "elementskit_item_text_color_hover": "globals\/colors?id=primary",
                                            "elementskit_nav_sub_menu_active_text_color": "globals\/colors?id=primary",
                                            "elementskit_menu_toggle_icon_color": "globals\/colors?id=accent",
                                            "elementskit_menu_close_icon_color": "globals\/colors?id=accent",
                                            "elementskit_menu_toggle_background_color": "globals\/colors?id=primary",
                                            "elementskit_menu_close_background_color": "globals\/colors?id=primary",
                                            "elementskit_menu_item_background_color": "globals\/colors?id=3facd0c"
                                        },
                                        "elementskit_submenu_item_spacing": {
                                            "unit": "px",
                                            "top": "20",
                                            "right": "10",
                                            "bottom": "20",
                                            "left": "20",
                                            "isLinked": false
                                        },
                                        "elementskit_menu_item_background_background": "classic",
                                        "sub_panel_padding": {
                                            "unit": "px",
                                            "top": "0",
                                            "right": "0",
                                            "bottom": "0",
                                            "left": "0",
                                            "isLinked": true
                                        },
                                        "elementskit_panel_box_shadow_box_shadow_type": "yes",
                                        "elementskit_panel_box_shadow_box_shadow": {
                                            "horizontal": 0,
                                            "vertical": 0,
                                            "blur": 10,
                                            "spread": 0,
                                            "color": "rgba(0, 0, 0, 0.1)"
                                        },
                                        "elementskit_menu_toggle_background_background": "classic",
                                        "elementskit_menu_close_background_background": "classic"
                                    },
                                    "elements": [],
                                    "isInner": false,
                                    "widgetType": "ekit-nav-menu",
                                    "elType": "widget"
                                }
                            ],
                            "isInner": true,
                            "elType": "container"
                        },
                        {
                            "id": "7a4f1dda",
                            "settings": {
                                "flex_direction": "column",
                                "content_width": "full",
                                "width": {
                                    "unit": "%",
                                    "size": 20
                                },
                                "width_tablet": {
                                    "unit": "%",
                                    "size": 32,
                                    "sizes": []
                                },
                                "width_mobile": {
                                    "unit": "%",
                                    "size": "",
                                    "sizes": []
                                },
                                "hide_mobile": "hidden-mobile",
                                "padding": {
                                    "unit": "px",
                                    "top": "0",
                                    "right": "0",
                                    "bottom": "0",
                                    "left": "0",
                                    "isLinked": true
                                },
                                "flex_justify_content": "center",
                                "flex_align_items": "flex-end",
                                "padding_tablet": {
                                    "unit": "px",
                                    "top": "10",
                                    "right": "10",
                                    "bottom": "10",
                                    "left": "10",
                                    "isLinked": true
                                },
                                "border_border": "none",
                                "border_width_tablet": {
                                    "unit": "px",
                                    "top": "0",
                                    "right": "0",
                                    "bottom": "0",
                                    "left": "1",
                                    "isLinked": false
                                },
                                "__globals__": {
                                    "border_color": "globals\/colors?id=0d65b1c"
                                },
                                "border_width": {
                                    "unit": "px",
                                    "top": "0",
                                    "right": "0",
                                    "bottom": "0",
                                    "left": "0",
                                    "isLinked": true
                                }
                            },
                            "elements": [
                                {
                                    "id": "12d901de",
                                    "settings": {
                                        "text": "Book Online",
                                        "border_radius": {
                                            "unit": "px",
                                            "top": "50",
                                            "right": "50",
                                            "bottom": "50",
                                            "left": "50",
                                            "isLinked": true
                                        },
                                        "__globals__": {
                                            "typography_typography": "globals\/typography?id=fae77b1",
                                            "button_text_color": "globals\/colors?id=3facd0c",
                                            "background_color": "globals\/colors?id=accent"
                                        },
                                        "selected_icon": {
                                            "value": "fas fa-pen-square",
                                            "library": "fa-solid"
                                        },
                                        "icon_indent": {
                                            "unit": "px",
                                            "size": 10,
                                            "sizes": []
                                        }
                                    },
                                    "elements": [],
                                    "isInner": false,
                                    "widgetType": "button",
                                    "elType": "widget"
                                }
                            ],
                            "isInner": true,
                            "elType": "container"
                        }
                    ],
                    "isInner": true,
                    "elType": "container"
                }
            ],
            "isInner": false,
            "elType": "container"
        }
    ]
}