{
    "version": "0.4",
    "title": "Page Error 404",
    "type": "page",
    "metadata": {
        "template_type": "single-page",
        "include_in_zip": "1",
        "elementor_pro_required": null,
        "wp_page_template": "elementor_canvas"
    },
    "content": [
        {
            "id": "3882a05c",
            "settings": {
                "flex_direction": "column",
                "padding": {
                    "unit": "px",
                    "top": "100",
                    "right": "0",
                    "bottom": "0",
                    "left": "0",
                    "isLinked": false
                },
                "padding_tablet": {
                    "unit": "px",
                    "top": "100",
                    "right": "20",
                    "bottom": "100",
                    "left": "20",
                    "isLinked": false
                },
                "padding_mobile": {
                    "unit": "px",
                    "top": "50",
                    "right": "10",
                    "bottom": "50",
                    "left": "10",
                    "isLinked": false
                },
                "_title": "Hero",
                "margin": {
                    "unit": "px",
                    "top": "0",
                    "right": "0",
                    "bottom": "0",
                    "left": "0",
                    "isLinked": false
                },
                "z_index": 1,
                "__globals__": {
                    "background_color": ""
                }
            },
            "elements": [
                {
                    "id": "2f85b910",
                    "settings": {
                        "min_height": {
                            "unit": "px",
                            "size": 350,
                            "sizes": []
                        },
                        "flex_justify_content": "center",
                        "flex_align_items": "center",
                        "flex_gap": {
                            "column": "10",
                            "row": "10",
                            "isLinked": true,
                            "unit": "px",
                            "size": 10
                        },
                        "background_background": "classic",
                        "background_image": {
                            "id": 385,
                            "url": "https:\/\/kits.typstd.com\/psykit\/wp-content\/uploads\/sites\/16\/2023\/10\/doctors-are-talking-2022-02-01-22-37-00-utc1-1.webp",
                            "alt": "",
                            "source": "library",
                            "size": ""
                        },
                        "background_attachment": "fixed",
                        "background_size": "cover",
                        "background_overlay_background": "gradient",
                        "border_radius": {
                            "unit": "px",
                            "top": "25",
                            "right": "25",
                            "bottom": "25",
                            "left": "25",
                            "isLinked": true
                        },
                        "__globals__": {
                            "background_overlay_color": "globals\/colors?id=primary",
                            "background_overlay_color_b": "globals\/colors?id=3241d62"
                        },
                        "background_overlay_gradient_angle": {
                            "unit": "deg",
                            "size": 360,
                            "sizes": []
                        }
                    },
                    "elements": [
                        {
                            "id": "62996bc9",
                            "settings": {
                                "title": "Error 404",
                                "__globals__": {
                                    "title_color": "globals\/colors?id=3facd0c",
                                    "typography_typography": "globals\/typography?id=text"
                                },
                                "align_mobile": "center",
                                "align": "center",
                                "_animation": "fadeInUp",
                                "_animation_delay": 100
                            },
                            "elements": [],
                            "isInner": false,
                            "widgetType": "heading",
                            "elType": "widget"
                        },
                        {
                            "id": "48bd1ea9",
                            "settings": {
                                "flex_direction": "row",
                                "flex_justify_content": "center",
                                "flex_gap": {
                                    "column": "20",
                                    "row": "20",
                                    "isLinked": true,
                                    "unit": "px",
                                    "size": 20
                                },
                                "animation": "fadeInUp",
                                "animation_delay": 200
                            },
                            "elements": [
                                {
                                    "id": "3b7fdac3",
                                    "settings": {
                                        "title": "Home",
                                        "__globals__": {
                                            "title_color": "globals\/colors?id=3facd0c",
                                            "typography_typography": "globals\/typography?id=fae77b1"
                                        },
                                        "align_mobile": "center",
                                        "align": "center"
                                    },
                                    "elements": [],
                                    "isInner": false,
                                    "widgetType": "heading",
                                    "elType": "widget"
                                },
                                {
                                    "id": "577b4021",
                                    "settings": {
                                        "title": "\/",
                                        "__globals__": {
                                            "title_color": "globals\/colors?id=3facd0c",
                                            "typography_typography": "globals\/typography?id=fae77b1"
                                        },
                                        "align_mobile": "center",
                                        "align": "center"
                                    },
                                    "elements": [],
                                    "isInner": false,
                                    "widgetType": "heading",
                                    "elType": "widget"
                                },
                                {
                                    "id": "6048800f",
                                    "settings": {
                                        "title": "Error 404",
                                        "__globals__": {
                                            "title_color": "globals\/colors?id=3facd0c",
                                            "typography_typography": "globals\/typography?id=fae77b1"
                                        },
                                        "align_mobile": "center",
                                        "align": "center"
                                    },
                                    "elements": [],
                                    "isInner": false,
                                    "widgetType": "heading",
                                    "elType": "widget"
                                }
                            ],
                            "isInner": true,
                            "elType": "container"
                        }
                    ],
                    "isInner": true,
                    "elType": "container"
                }
            ],
            "isInner": false,
            "elType": "container"
        },
        {
            "id": "7c9ee72d",
            "settings": {
                "flex_direction": "column",
                "padding": {
                    "unit": "px",
                    "top": "100",
                    "right": "0",
                    "bottom": "100",
                    "left": "0",
                    "isLinked": false
                },
                "padding_tablet": {
                    "unit": "px",
                    "top": "150",
                    "right": "20",
                    "bottom": "100",
                    "left": "20",
                    "isLinked": false
                },
                "padding_mobile": {
                    "unit": "px",
                    "top": "150",
                    "right": "10",
                    "bottom": "50",
                    "left": "10",
                    "isLinked": false
                },
                "flex_gap": {
                    "unit": "px",
                    "size": 0,
                    "column": "0",
                    "row": "0",
                    "isLinked": true
                },
                "background_background": "gradient",
                "__globals__": {
                    "background_color": "globals\/colors?id=secondary",
                    "background_color_b": "globals\/colors?id=3facd0c"
                },
                "_title": "Error 404"
            },
            "elements": [
                {
                    "id": "70223254",
                    "settings": {
                        "title": "PAGE NOT FOUND",
                        "header_size": "h5",
                        "__globals__": {
                            "title_color": "globals\/colors?id=primary",
                            "typography_typography": "globals\/typography?id=b201395"
                        },
                        "_padding": {
                            "unit": "px",
                            "top": "0",
                            "right": "0",
                            "bottom": "07",
                            "left": "0",
                            "isLinked": false
                        },
                        "align_mobile": "center",
                        "align": "center"
                    },
                    "elements": [],
                    "isInner": false,
                    "widgetType": "heading",
                    "elType": "widget"
                },
                {
                    "id": "2b5ff6f6",
                    "settings": {
                        "title": "The page you are looking for is not available here",
                        "__globals__": {
                            "title_color": "globals\/colors?id=accent",
                            "typography_typography": "globals\/typography?id=text"
                        },
                        "header_size": "h3",
                        "align_mobile": "center",
                        "align": "center"
                    },
                    "elements": [],
                    "isInner": false,
                    "widgetType": "heading",
                    "elType": "widget"
                },
                {
                    "id": "433013df",
                    "settings": {
                        "text": "Back to Main Page",
                        "border_radius": {
                            "unit": "px",
                            "top": "50",
                            "right": "50",
                            "bottom": "50",
                            "left": "50",
                            "isLinked": true
                        },
                        "__globals__": {
                            "typography_typography": "globals\/typography?id=fae77b1",
                            "button_text_color": "globals\/colors?id=3facd0c",
                            "background_color": "globals\/colors?id=accent"
                        },
                        "_padding": {
                            "unit": "px",
                            "top": "40",
                            "right": "0",
                            "bottom": "0",
                            "left": "0",
                            "isLinked": false
                        },
                        "_padding_tablet": {
                            "unit": "px",
                            "top": "30",
                            "right": "0",
                            "bottom": "0",
                            "left": "0",
                            "isLinked": false
                        },
                        "_padding_mobile": {
                            "unit": "px",
                            "top": "20",
                            "right": "0",
                            "bottom": "0",
                            "left": "0",
                            "isLinked": false
                        },
                        "align": "center"
                    },
                    "elements": [],
                    "isInner": false,
                    "widgetType": "button",
                    "elType": "widget"
                }
            ],
            "isInner": false,
            "elType": "container"
        }
    ]
}