{
    "version": "0.4",
    "title": "Service Detail",
    "type": "page",
    "metadata": {
        "template_type": "single-page",
        "include_in_zip": "1",
        "elementor_pro_required": null,
        "wp_page_template": "elementor_canvas"
    },
    "content": [
        {
            "id": "b4921bb",
            "settings": {
                "flex_direction": "column",
                "padding": {
                    "unit": "px",
                    "top": "100",
                    "right": "0",
                    "bottom": "0",
                    "left": "0",
                    "isLinked": false
                },
                "padding_tablet": {
                    "unit": "px",
                    "top": "100",
                    "right": "20",
                    "bottom": "100",
                    "left": "20",
                    "isLinked": false
                },
                "padding_mobile": {
                    "unit": "px",
                    "top": "50",
                    "right": "10",
                    "bottom": "50",
                    "left": "10",
                    "isLinked": false
                },
                "_title": "Hero",
                "margin": {
                    "unit": "px",
                    "top": "0",
                    "right": "0",
                    "bottom": "0",
                    "left": "0",
                    "isLinked": false
                },
                "z_index": 1,
                "__globals__": {
                    "background_color": ""
                }
            },
            "elements": [
                {
                    "id": "666b2453",
                    "settings": {
                        "min_height": {
                            "unit": "px",
                            "size": 350,
                            "sizes": []
                        },
                        "flex_justify_content": "center",
                        "flex_align_items": "center",
                        "flex_gap": {
                            "column": "10",
                            "row": "10",
                            "isLinked": true,
                            "unit": "px",
                            "size": 10
                        },
                        "background_background": "classic",
                        "background_image": {
                            "id": 215,
                            "url": "https:\/\/kits.typstd.com\/psykit\/wp-content\/uploads\/sites\/16\/2023\/10\/happy-caregiver-and-senior-patient-smiling-and-loo-2023-02-23-23-11-38-utc.webp",
                            "alt": "",
                            "source": "library",
                            "size": ""
                        },
                        "background_attachment": "fixed",
                        "background_size": "cover",
                        "background_overlay_background": "gradient",
                        "border_radius": {
                            "unit": "px",
                            "top": "25",
                            "right": "25",
                            "bottom": "25",
                            "left": "25",
                            "isLinked": true
                        },
                        "__globals__": {
                            "background_overlay_color": "globals\/colors?id=primary",
                            "background_overlay_color_b": "globals\/colors?id=3241d62"
                        },
                        "background_overlay_gradient_angle": {
                            "unit": "deg",
                            "size": 360,
                            "sizes": []
                        }
                    },
                    "elements": [
                        {
                            "id": "7b319b36",
                            "settings": {
                                "title": "Service Detail",
                                "__globals__": {
                                    "title_color": "globals\/colors?id=3facd0c",
                                    "typography_typography": "globals\/typography?id=text"
                                },
                                "align_mobile": "center",
                                "align": "center",
                                "_animation": "fadeInUp",
                                "_animation_delay": 100
                            },
                            "elements": [],
                            "isInner": false,
                            "widgetType": "heading",
                            "elType": "widget"
                        },
                        {
                            "id": "4545bc93",
                            "settings": {
                                "flex_direction": "row",
                                "flex_justify_content": "center",
                                "flex_gap": {
                                    "column": "20",
                                    "row": "20",
                                    "isLinked": true,
                                    "unit": "px",
                                    "size": 20
                                },
                                "animation": "fadeInUp",
                                "animation_delay": 200
                            },
                            "elements": [
                                {
                                    "id": "556d7ecf",
                                    "settings": {
                                        "title": "Home",
                                        "__globals__": {
                                            "title_color": "globals\/colors?id=3facd0c",
                                            "typography_typography": "globals\/typography?id=fae77b1"
                                        },
                                        "align_mobile": "center",
                                        "align": "center"
                                    },
                                    "elements": [],
                                    "isInner": false,
                                    "widgetType": "heading",
                                    "elType": "widget"
                                },
                                {
                                    "id": "112a1cc4",
                                    "settings": {
                                        "title": "\/",
                                        "__globals__": {
                                            "title_color": "globals\/colors?id=3facd0c",
                                            "typography_typography": "globals\/typography?id=fae77b1"
                                        },
                                        "align_mobile": "center",
                                        "align": "center"
                                    },
                                    "elements": [],
                                    "isInner": false,
                                    "widgetType": "heading",
                                    "elType": "widget"
                                },
                                {
                                    "id": "16adfe48",
                                    "settings": {
                                        "title": "Service Detail",
                                        "__globals__": {
                                            "title_color": "globals\/colors?id=3facd0c",
                                            "typography_typography": "globals\/typography?id=fae77b1"
                                        },
                                        "align_mobile": "center",
                                        "align": "center"
                                    },
                                    "elements": [],
                                    "isInner": false,
                                    "widgetType": "heading",
                                    "elType": "widget"
                                }
                            ],
                            "isInner": true,
                            "elType": "container"
                        }
                    ],
                    "isInner": true,
                    "elType": "container"
                }
            ],
            "isInner": false,
            "elType": "container"
        },
        {
            "id": "6790126f",
            "settings": {
                "flex_direction": "row",
                "flex_gap": {
                    "unit": "px",
                    "size": 0,
                    "column": "0",
                    "row": "0",
                    "isLinked": true
                },
                "padding": {
                    "unit": "px",
                    "top": "100",
                    "right": "0",
                    "bottom": "100",
                    "left": "0",
                    "isLinked": false
                },
                "padding_mobile": {
                    "unit": "px",
                    "top": "150",
                    "right": "10",
                    "bottom": "50",
                    "left": "10",
                    "isLinked": false
                },
                "_title": "Our Service",
                "padding_tablet": {
                    "unit": "px",
                    "top": "150",
                    "right": "20",
                    "bottom": "100",
                    "left": "20",
                    "isLinked": false
                },
                "background_background": "gradient",
                "__globals__": {
                    "background_color": "globals\/colors?id=secondary",
                    "background_color_b": "globals\/colors?id=3facd0c"
                }
            },
            "elements": [
                {
                    "id": "59f3aefc",
                    "settings": {
                        "content_width": "full",
                        "min_height": {
                            "unit": "px",
                            "size": 350,
                            "sizes": []
                        },
                        "flex_direction": "row",
                        "flex_gap": {
                            "column": "20",
                            "row": "20",
                            "isLinked": true,
                            "unit": "px",
                            "size": 20
                        }
                    },
                    "elements": [
                        {
                            "id": "68fdb591",
                            "settings": {
                                "flex_direction": "column",
                                "content_width": "full",
                                "width": {
                                    "unit": "%",
                                    "size": ""
                                },
                                "flex_gap": {
                                    "column": "10",
                                    "row": "10",
                                    "isLinked": true,
                                    "unit": "px",
                                    "size": 10
                                },
                                "padding": {
                                    "unit": "px",
                                    "top": "0",
                                    "right": "0",
                                    "bottom": "0",
                                    "left": "0",
                                    "isLinked": false
                                },
                                "flex_justify_content": "flex-start",
                                "flex_align_items": "flex-start",
                                "animation": "fadeInUp",
                                "animation_delay": 100,
                                "flex_align_items_mobile": "center",
                                "padding_mobile": {
                                    "unit": "px",
                                    "top": "0",
                                    "right": "0",
                                    "bottom": "0",
                                    "left": "0",
                                    "isLinked": false
                                }
                            },
                            "elements": [
                                {
                                    "id": "1acdd126",
                                    "settings": {
                                        "title": "Our Services",
                                        "__globals__": {
                                            "title_color": "globals\/colors?id=primary",
                                            "typography_typography": "globals\/typography?id=b201395"
                                        },
                                        "header_size": "h5"
                                    },
                                    "elements": [],
                                    "isInner": false,
                                    "widgetType": "heading",
                                    "elType": "widget"
                                },
                                {
                                    "id": "5439eefa",
                                    "settings": {
                                        "title": "Psychotherapy Counseling",
                                        "__globals__": {
                                            "title_color": "globals\/colors?id=accent",
                                            "typography_typography": "globals\/typography?id=text"
                                        },
                                        "align_mobile": "center"
                                    },
                                    "elements": [],
                                    "isInner": false,
                                    "widgetType": "heading",
                                    "elType": "widget"
                                },
                                {
                                    "id": "5e10129c",
                                    "settings": {
                                        "__globals__": {
                                            "text_color": "globals\/colors?id=text",
                                            "typography_typography": "globals\/typography?id=fae77b1"
                                        },
                                        "align": "left",
                                        "editor": "<p>Lorem Ipsum is simply dummy text of the printing and typesetting industry.<\/p><p>Lorem Ipsum has been the industry's standard dummy text ever since the 1500s, when an unknown printer took a galley of type and scrambled it to make a type specimen book.<\/p>",
                                        "align_mobile": "center"
                                    },
                                    "elements": [],
                                    "isInner": false,
                                    "widgetType": "text-editor",
                                    "elType": "widget"
                                },
                                {
                                    "id": "47c7d2e0",
                                    "settings": {
                                        "title": "Service Overview",
                                        "__globals__": {
                                            "title_color": "globals\/colors?id=accent",
                                            "typography_typography": "globals\/typography?id=9b0b514"
                                        },
                                        "align_mobile": "center",
                                        "header_size": "h6"
                                    },
                                    "elements": [],
                                    "isInner": false,
                                    "widgetType": "heading",
                                    "elType": "widget"
                                },
                                {
                                    "id": "f62a49e",
                                    "settings": {
                                        "__globals__": {
                                            "text_color": "globals\/colors?id=text",
                                            "typography_typography": "globals\/typography?id=fae77b1"
                                        },
                                        "align": "left",
                                        "editor": "<p>Lorem Ipsum is simply dummy text of the printing and typesetting industry. Lorem Ipsum has been the industry's standard dummy text ever since the 1500s, when an unknown printer took a galley of type and scrambled it to make a type specimen book.<\/p><p>It has survived not only five centuries, but also the leap into electronic typesetting, remaining essentially unchanged. It was popularised in the 1960s with the release of Letraset sheets containing<\/p>",
                                        "align_mobile": "center"
                                    },
                                    "elements": [],
                                    "isInner": false,
                                    "widgetType": "text-editor",
                                    "elType": "widget"
                                },
                                {
                                    "id": "6255c093",
                                    "settings": {
                                        "icon_list": [
                                            {
                                                "text": "Lorem ipsum dolor sit amet, consectetur adipiscing elit.",
                                                "selected_icon": {
                                                    "value": "fas fa-circle",
                                                    "library": "fa-solid"
                                                },
                                                "_id": "cb16cce"
                                            },
                                            {
                                                "text": "Phasellus id augue faucibus, lobortis eros pharetra, vestibulum felis.",
                                                "selected_icon": {
                                                    "value": "fas fa-circle",
                                                    "library": "fa-solid"
                                                },
                                                "_id": "8c225b8"
                                            },
                                            {
                                                "text": "Maecenas interdum mi at massa efficitur mattis.",
                                                "selected_icon": {
                                                    "value": "fas fa-circle",
                                                    "library": "fa-solid"
                                                },
                                                "_id": "95d8e2a"
                                            },
                                            {
                                                "text": "Donec ullamcorper diam vel ante ornare iaculis.",
                                                "selected_icon": {
                                                    "value": "fas fa-circle",
                                                    "library": "fa-solid"
                                                },
                                                "_id": "b6e3488"
                                            }
                                        ],
                                        "space_between": {
                                            "unit": "px",
                                            "size": 10,
                                            "sizes": []
                                        },
                                        "icon_align_mobile": "left",
                                        "icon_size": {
                                            "unit": "px",
                                            "size": 8,
                                            "sizes": []
                                        },
                                        "__globals__": {
                                            "text_color": "globals\/colors?id=text",
                                            "icon_color": "globals\/colors?id=primary",
                                            "icon_typography_typography": "globals\/typography?id=fae77b1"
                                        },
                                        "_margin": {
                                            "unit": "px",
                                            "top": "0",
                                            "right": "0",
                                            "bottom": "0",
                                            "left": "20",
                                            "isLinked": false
                                        },
                                        "icon_align": "left",
                                        "icon_self_vertical_align": "center"
                                    },
                                    "elements": [],
                                    "isInner": false,
                                    "widgetType": "icon-list",
                                    "elType": "widget"
                                }
                            ],
                            "isInner": true,
                            "elType": "container"
                        }
                    ],
                    "isInner": true,
                    "elType": "container"
                },
                {
                    "id": "5437b34b",
                    "settings": {
                        "flex_direction": "column",
                        "content_width": "full",
                        "width": {
                            "unit": "%",
                            "size": 90
                        },
                        "flex_gap": {
                            "column": "20",
                            "row": "20",
                            "isLinked": true,
                            "unit": "px",
                            "size": 20
                        },
                        "flex_justify_content": "flex-start",
                        "width_mobile": {
                            "unit": "%",
                            "size": "",
                            "sizes": []
                        },
                        "flex_direction_tablet": "column",
                        "flex_direction_mobile": "row",
                        "flex_gap_mobile": {
                            "column": "",
                            "row": "",
                            "isLinked": true,
                            "unit": "px",
                            "size": null
                        },
                        "margin": {
                            "unit": "px",
                            "top": "0",
                            "right": "0",
                            "bottom": "0",
                            "left": "50",
                            "isLinked": false
                        },
                        "margin_mobile": {
                            "unit": "px",
                            "top": "0",
                            "right": "0",
                            "bottom": "0",
                            "left": "0",
                            "isLinked": true
                        },
                        "_flex_order_mobile": "start"
                    },
                    "elements": [
                        {
                            "id": "29ce1b88",
                            "settings": {
                                "image": {
                                    "id": 294,
                                    "url": "https:\/\/kits.typstd.com\/psykit\/wp-content\/uploads\/sites\/16\/2023\/10\/professional-counseling-for-children-psychologist-2022-02-22-04-31-40-utc-1920x1280-1.webp",
                                    "alt": "",
                                    "source": "library",
                                    "size": ""
                                },
                                "align": "left",
                                "width": {
                                    "unit": "%",
                                    "size": 90,
                                    "sizes": []
                                },
                                "height": {
                                    "unit": "px",
                                    "size": 300,
                                    "sizes": []
                                },
                                "object-fit": "cover",
                                "object-position": "top center",
                                "image_border_radius": {
                                    "unit": "px",
                                    "top": "10",
                                    "right": "10",
                                    "bottom": "10",
                                    "left": "10",
                                    "isLinked": true
                                },
                                "_animation": "fadeInUp",
                                "_animation_delay": 400,
                                "width_mobile": {
                                    "unit": "%",
                                    "size": 100,
                                    "sizes": []
                                }
                            },
                            "elements": [],
                            "isInner": false,
                            "widgetType": "image",
                            "elType": "widget"
                        },
                        {
                            "id": "48be81cb",
                            "settings": {
                                "image": {
                                    "id": 297,
                                    "url": "https:\/\/kits.typstd.com\/psykit\/wp-content\/uploads\/sites\/16\/2023\/10\/sad-african-american-guy-get-psychological-support-2022-12-17-03-38-11-utc-1920x1280-1.webp",
                                    "alt": "",
                                    "source": "library",
                                    "size": ""
                                },
                                "align": "right",
                                "width": {
                                    "unit": "%",
                                    "size": 90,
                                    "sizes": []
                                },
                                "height": {
                                    "unit": "px",
                                    "size": 300,
                                    "sizes": []
                                },
                                "object-fit": "cover",
                                "object-position": "top center",
                                "image_border_radius": {
                                    "unit": "px",
                                    "top": "10",
                                    "right": "10",
                                    "bottom": "10",
                                    "left": "10",
                                    "isLinked": true
                                },
                                "_animation": "fadeInUp",
                                "_animation_delay": 500,
                                "width_mobile": {
                                    "unit": "%",
                                    "size": 100,
                                    "sizes": []
                                }
                            },
                            "elements": [],
                            "isInner": false,
                            "widgetType": "image",
                            "elType": "widget"
                        }
                    ],
                    "isInner": true,
                    "elType": "container"
                }
            ],
            "isInner": false,
            "elType": "container"
        },
        {
            "id": "3f01020c",
            "settings": {
                "flex_gap": {
                    "unit": "px",
                    "size": 0,
                    "column": "0",
                    "row": "0",
                    "isLinked": true
                },
                "custom_height": {
                    "unit": "vh",
                    "size": 70,
                    "sizes": []
                },
                "custom_height_tablet": {
                    "unit": "vh",
                    "size": "",
                    "sizes": []
                },
                "custom_height_mobile": {
                    "unit": "vh",
                    "size": "",
                    "sizes": []
                },
                "content_position": "middle",
                "structure": "20",
                "padding": {
                    "unit": "px",
                    "top": "100",
                    "right": "0",
                    "bottom": "100",
                    "left": "0",
                    "isLinked": false
                },
                "reverse_order_mobile": "reverse-mobile",
                "padding_tablet": {
                    "unit": "px",
                    "top": "100",
                    "right": "20",
                    "bottom": "100",
                    "left": "20",
                    "isLinked": false
                },
                "__globals__": {
                    "background_color": "globals\/colors?id=primary",
                    "background_color_b": "globals\/colors?id=3241d62",
                    "background_overlay_color": "globals\/colors?id=primary",
                    "background_overlay_color_b": "globals\/colors?id=3241d62"
                },
                "flex_direction": "row",
                "padding_mobile": {
                    "unit": "px",
                    "top": "50",
                    "right": "10",
                    "bottom": "50",
                    "left": "10",
                    "isLinked": false
                },
                "_title": "Appointment",
                "background_color_b_stop": {
                    "unit": "%",
                    "size": 45,
                    "sizes": []
                },
                "background_gradient_angle": {
                    "unit": "deg",
                    "size": 230,
                    "sizes": []
                },
                "background_overlay_background": "gradient",
                "background_overlay_color_b_stop": {
                    "unit": "%",
                    "size": 45,
                    "sizes": []
                },
                "background_overlay_gradient_angle": {
                    "unit": "deg",
                    "size": 200,
                    "sizes": []
                },
                "background_overlay_opacity": {
                    "unit": "px",
                    "size": 0.3,
                    "sizes": []
                },
                "border_radius": {
                    "unit": "px",
                    "top": "0",
                    "right": "50",
                    "bottom": "0",
                    "left": "0",
                    "isLinked": false
                },
                "border_radius_mobile": {
                    "unit": "px",
                    "top": "0",
                    "right": "0",
                    "bottom": "50",
                    "left": "50",
                    "isLinked": false
                },
                "shape_divider_bottom_height": {
                    "unit": "px",
                    "size": 139,
                    "sizes": []
                }
            },
            "elements": [
                {
                    "id": "72e2a5fe",
                    "settings": {
                        "_column_size": 50,
                        "width": {
                            "unit": "%",
                            "size": ""
                        },
                        "content_width": "full",
                        "flex_direction": "column",
                        "flex_justify_content": "flex-end",
                        "margin_mobile": {
                            "unit": "px",
                            "top": "0",
                            "right": "0",
                            "bottom": "20",
                            "left": "0",
                            "isLinked": false
                        },
                        "animation": "fadeInUp",
                        "animation_delay": 200,
                        "margin_tablet": {
                            "unit": "px",
                            "top": "0",
                            "right": "0",
                            "bottom": "50",
                            "left": "0",
                            "isLinked": false
                        },
                        "__globals__": {
                            "background_color": "globals\/colors?id=3facd0c"
                        },
                        "_flex_order_mobile": "end",
                        "min_height_tablet": {
                            "unit": "px",
                            "size": 400,
                            "sizes": []
                        },
                        "background_background": "classic",
                        "background_image": {
                            "id": 227,
                            "url": "https:\/\/kits.typstd.com\/psykit\/wp-content\/uploads\/sites\/16\/2023\/10\/beautiful-female-psychiatrist-posing-in-office-2021-09-24-03-47-49-utc.webp",
                            "alt": "",
                            "source": "library",
                            "size": ""
                        },
                        "background_position": "center center",
                        "background_repeat": "no-repeat",
                        "background_size": "cover",
                        "border_radius": {
                            "unit": "px",
                            "top": "25",
                            "right": "25",
                            "bottom": "25",
                            "left": "25",
                            "isLinked": true
                        },
                        "margin": {
                            "unit": "px",
                            "top": "0",
                            "right": "50",
                            "bottom": "0",
                            "left": "0",
                            "isLinked": false
                        }
                    },
                    "elements": [
                        {
                            "id": "5d28264e",
                            "settings": {
                                "flex_direction": "column",
                                "flex_align_content": "flex-end",
                                "position": "absolute",
                                "_offset_x": {
                                    "unit": "px",
                                    "size": 25,
                                    "sizes": []
                                },
                                "_offset_y": {
                                    "unit": "px",
                                    "size": 170,
                                    "sizes": []
                                },
                                "z_index": 2,
                                "__globals__": {
                                    "background_color": "globals\/colors?id=primary",
                                    "background_overlay_color": "globals\/colors?id=primary"
                                },
                                "content_width": "full",
                                "width": {
                                    "unit": "%",
                                    "size": 30,
                                    "sizes": []
                                },
                                "border_radius": {
                                    "unit": "px",
                                    "top": "10",
                                    "right": "10",
                                    "bottom": "10",
                                    "left": "10",
                                    "isLinked": true
                                },
                                "box_shadow_box_shadow_type": "yes",
                                "box_shadow_box_shadow": {
                                    "horizontal": 0,
                                    "vertical": 0,
                                    "blur": 10,
                                    "spread": 0,
                                    "color": "rgba(0, 0, 0, 0.1)"
                                },
                                "animation": "fadeInUp",
                                "animation_delay": 400,
                                "width_mobile": {
                                    "unit": "%",
                                    "size": 60,
                                    "sizes": []
                                },
                                "_offset_x_mobile": {
                                    "unit": "px",
                                    "size": 20,
                                    "sizes": []
                                },
                                "_offset_y_tablet": {
                                    "unit": "px",
                                    "size": 85,
                                    "sizes": []
                                },
                                "_offset_y_mobile": {
                                    "unit": "px",
                                    "size": 90,
                                    "sizes": []
                                },
                                "_offset_orientation_v": "end",
                                "_offset_y_end": {
                                    "unit": "px",
                                    "size": 25,
                                    "sizes": []
                                },
                                "_offset_x_end": {
                                    "unit": "px",
                                    "size": -90.8,
                                    "sizes": []
                                },
                                "_offset_x_end_mobile": {
                                    "unit": "px",
                                    "size": 70,
                                    "sizes": []
                                },
                                "background_overlay_background": "classic",
                                "background_overlay_opacity": {
                                    "unit": "px",
                                    "size": 0.8,
                                    "sizes": []
                                },
                                "width_tablet": {
                                    "unit": "%",
                                    "size": 80,
                                    "sizes": []
                                },
                                "_offset_x_end_tablet": {
                                    "unit": "px",
                                    "size": -70,
                                    "sizes": []
                                },
                                "_offset_y_end_tablet": {
                                    "unit": "px",
                                    "size": 150,
                                    "sizes": []
                                },
                                "_offset_y_end_mobile": {
                                    "unit": "px",
                                    "size": 70,
                                    "sizes": []
                                }
                            },
                            "elements": [
                                {
                                    "id": "741838da",
                                    "settings": {
                                        "ending_number": 15,
                                        "suffix": "K +",
                                        "title": "Case Handled",
                                        "_padding": {
                                            "unit": "px",
                                            "top": "30",
                                            "right": "20",
                                            "bottom": "30",
                                            "left": "20",
                                            "isLinked": false
                                        },
                                        "_element_width": "auto",
                                        "__globals__": {
                                            "number_color": "globals\/colors?id=3facd0c",
                                            "typography_number_typography": "globals\/typography?id=secondary",
                                            "typography_title_typography": "globals\/typography?id=fae77b1",
                                            "title_color": "globals\/colors?id=3facd0c"
                                        },
                                        "_padding_tablet": {
                                            "unit": "px",
                                            "top": "10",
                                            "right": "10",
                                            "bottom": "10",
                                            "left": "10",
                                            "isLinked": true
                                        }
                                    },
                                    "elements": [],
                                    "isInner": false,
                                    "widgetType": "counter",
                                    "elType": "widget"
                                }
                            ],
                            "isInner": true,
                            "elType": "container"
                        }
                    ],
                    "isInner": true,
                    "elType": "container"
                },
                {
                    "id": "564f61dc",
                    "settings": {
                        "flex_direction": "column",
                        "content_width": "full",
                        "width": {
                            "unit": "%",
                            "size": ""
                        },
                        "flex_gap": {
                            "column": "10",
                            "row": "10",
                            "isLinked": true,
                            "unit": "px",
                            "size": 10
                        },
                        "flex_justify_content": "center",
                        "flex_align_items": "flex-start",
                        "animation": "fadeInUp",
                        "animation_delay": 100,
                        "margin": {
                            "unit": "px",
                            "top": "0",
                            "right": "0",
                            "bottom": "0",
                            "left": "0",
                            "isLinked": false
                        },
                        "min_height": {
                            "unit": "px",
                            "size": 350,
                            "sizes": []
                        },
                        "width_tablet": {
                            "unit": "%",
                            "size": 100,
                            "sizes": []
                        },
                        "width_mobile": {
                            "unit": "%",
                            "size": "",
                            "sizes": []
                        },
                        "min_height_tablet": {
                            "unit": "px",
                            "size": 150,
                            "sizes": []
                        },
                        "flex_align_items_tablet": "center",
                        "margin_tablet": {
                            "unit": "px",
                            "top": "0",
                            "right": "0",
                            "bottom": "0",
                            "left": "0",
                            "isLinked": true
                        }
                    },
                    "elements": [
                        {
                            "id": "22c7736e",
                            "settings": {
                                "title": "Appointment",
                                "__globals__": {
                                    "title_color": "globals\/colors?id=primary",
                                    "typography_typography": "globals\/typography?id=b201395"
                                },
                                "header_size": "h5"
                            },
                            "elements": [],
                            "isInner": false,
                            "widgetType": "heading",
                            "elType": "widget"
                        },
                        {
                            "id": "39baabc9",
                            "settings": {
                                "title": "Book Your Appointment",
                                "__globals__": {
                                    "title_color": "globals\/colors?id=accent",
                                    "typography_typography": "globals\/typography?id=text"
                                }
                            },
                            "elements": [],
                            "isInner": false,
                            "widgetType": "heading",
                            "elType": "widget"
                        },
                        {
                            "id": "6a8d05",
                            "settings": {
                                "__globals__": {
                                    "text_color": "globals\/colors?id=text",
                                    "typography_typography": "globals\/typography?id=61dc13c"
                                },
                                "align": "left",
                                "align_tablet": "center"
                            },
                            "elements": [],
                            "isInner": false,
                            "widgetType": "text-editor",
                            "elType": "widget"
                        },
                        {
                            "id": "2934887f",
                            "settings": {
                                "mf_form_id": "535***1700028132474",
                                "_flex_align_self": "stretch"
                            },
                            "elements": [],
                            "isInner": false,
                            "widgetType": "metform",
                            "elType": "widget"
                        }
                    ],
                    "isInner": true,
                    "elType": "container"
                }
            ],
            "isInner": false,
            "elType": "container"
        },
        {
            "id": "150a0e5",
            "settings": {
                "structure": "20",
                "padding": {
                    "unit": "px",
                    "top": "100",
                    "right": "0",
                    "bottom": "100",
                    "left": "0",
                    "isLinked": false
                },
                "padding_tablet": {
                    "unit": "px",
                    "top": "100",
                    "right": "20",
                    "bottom": "100",
                    "left": "20",
                    "isLinked": false
                },
                "flex_direction": "column",
                "flex_gap": {
                    "size": 10,
                    "column": "10",
                    "row": "10",
                    "unit": "px",
                    "isLinked": true
                },
                "padding_mobile": {
                    "unit": "px",
                    "top": "50",
                    "right": "10",
                    "bottom": "50",
                    "left": "10",
                    "isLinked": false
                },
                "__globals__": {
                    "background_color": "globals\/colors?id=primary",
                    "background_overlay_color": "globals\/colors?id=primary",
                    "background_overlay_color_b": "globals\/colors?id=3facd0c",
                    "background_color_b": "globals\/colors?id=3facd0c"
                },
                "_title": "FAQ",
                "background_color_b_stop": {
                    "unit": "%",
                    "size": 50,
                    "sizes": []
                },
                "background_gradient_angle": {
                    "unit": "deg",
                    "size": 270,
                    "sizes": []
                },
                "background_overlay_color_stop": {
                    "unit": "%",
                    "size": 25,
                    "sizes": []
                },
                "background_overlay_color_b_stop": {
                    "unit": "%",
                    "size": 60,
                    "sizes": []
                },
                "background_overlay_gradient_angle": {
                    "unit": "deg",
                    "size": 90,
                    "sizes": []
                },
                "background_overlay_opacity": {
                    "unit": "px",
                    "size": 0.3,
                    "sizes": []
                },
                "border_radius": {
                    "unit": "px",
                    "top": "50",
                    "right": "50",
                    "bottom": "50",
                    "left": "50",
                    "isLinked": true
                }
            },
            "elements": [
                {
                    "id": "182b0def",
                    "settings": {
                        "flex_align_items": "flex-start",
                        "flex_gap": {
                            "column": "10",
                            "row": "10",
                            "isLinked": true,
                            "unit": "px",
                            "size": 10
                        },
                        "animation": "fadeInUp",
                        "flex_direction": "row"
                    },
                    "elements": [
                        {
                            "id": "10a4ec27",
                            "settings": {
                                "content_width": "full",
                                "width": {
                                    "unit": "%",
                                    "size": 50,
                                    "sizes": []
                                },
                                "flex_align_items": "flex-start",
                                "margin": {
                                    "unit": "px",
                                    "top": "0",
                                    "right": "20",
                                    "bottom": "0",
                                    "left": "0",
                                    "isLinked": false
                                },
                                "width_tablet": {
                                    "unit": "%",
                                    "size": 100,
                                    "sizes": []
                                },
                                "width_mobile": {
                                    "unit": "%",
                                    "size": "",
                                    "sizes": []
                                },
                                "flex_align_items_mobile": "center",
                                "flex_gap": {
                                    "column": "10",
                                    "row": "10",
                                    "isLinked": true,
                                    "unit": "px",
                                    "size": 10
                                },
                                "margin_tablet": {
                                    "unit": "px",
                                    "top": "0",
                                    "right": "0",
                                    "bottom": "0",
                                    "left": "0",
                                    "isLinked": true
                                }
                            },
                            "elements": [
                                {
                                    "id": "3f041810",
                                    "settings": {
                                        "title": "FAQ",
                                        "__globals__": {
                                            "title_color": "globals\/colors?id=accent",
                                            "typography_typography": "globals\/typography?id=text"
                                        },
                                        "header_size": "h3",
                                        "align": "center"
                                    },
                                    "elements": [],
                                    "isInner": false,
                                    "widgetType": "heading",
                                    "elType": "widget"
                                },
                                {
                                    "id": "14b3e6c3",
                                    "settings": {
                                        "__globals__": {
                                            "text_color": "globals\/colors?id=text",
                                            "typography_typography": "globals\/typography?id=61dc13c"
                                        },
                                        "align": "left",
                                        "align_mobile": "center"
                                    },
                                    "elements": [],
                                    "isInner": false,
                                    "widgetType": "text-editor",
                                    "elType": "widget"
                                }
                            ],
                            "isInner": true,
                            "elType": "container"
                        }
                    ],
                    "isInner": true,
                    "elType": "container"
                },
                {
                    "id": "688aa920",
                    "settings": {
                        "flex_direction": "row",
                        "flex_gap": {
                            "column": "20",
                            "row": "20",
                            "isLinked": true,
                            "unit": "px",
                            "size": 20
                        },
                        "margin": {
                            "unit": "px",
                            "top": "50",
                            "right": "0",
                            "bottom": "0",
                            "left": "0",
                            "isLinked": false
                        },
                        "margin_mobile": {
                            "unit": "px",
                            "top": "20",
                            "right": "0",
                            "bottom": "0",
                            "left": "0",
                            "isLinked": false
                        }
                    },
                    "elements": [
                        {
                            "id": "20d09560",
                            "settings": {
                                "_column_size": 50,
                                "width": {
                                    "unit": "%",
                                    "size": 70
                                },
                                "content_width": "full",
                                "animation": "fadeInUp",
                                "animation_delay": 200,
                                "flex_direction": "column",
                                "flex_justify_content": "center",
                                "background_background": "classic",
                                "background_image": {
                                    "id": 288,
                                    "url": "https:\/\/kits.typstd.com\/psykit\/wp-content\/uploads\/sites\/16\/2023\/10\/professional-psychologist-or-psychiatrist-from-sup-2023-08-19-06-24-28-utc-1920x1280-1.webp",
                                    "alt": "",
                                    "source": "library",
                                    "size": ""
                                },
                                "background_position": "center center",
                                "background_size": "cover",
                                "border_radius": {
                                    "unit": "px",
                                    "top": "10",
                                    "right": "10",
                                    "bottom": "10",
                                    "left": "10",
                                    "isLinked": true
                                },
                                "margin": {
                                    "unit": "px",
                                    "top": "0",
                                    "right": "20",
                                    "bottom": "0",
                                    "left": "0",
                                    "isLinked": false
                                },
                                "margin_tablet": {
                                    "unit": "px",
                                    "top": "0",
                                    "right": "20",
                                    "bottom": "0",
                                    "left": "0",
                                    "isLinked": false
                                },
                                "margin_mobile": {
                                    "unit": "px",
                                    "top": "0",
                                    "right": "0",
                                    "bottom": "0",
                                    "left": "0",
                                    "isLinked": true
                                },
                                "min_height_mobile": {
                                    "unit": "px",
                                    "size": 230,
                                    "sizes": []
                                }
                            },
                            "elements": [],
                            "isInner": true,
                            "elType": "container"
                        },
                        {
                            "id": "4eca90c9",
                            "settings": {
                                "_column_size": 50,
                                "width": {
                                    "size": null,
                                    "unit": "%"
                                },
                                "content_width": "full",
                                "animation": "fadeInUp",
                                "animation_delay": 200,
                                "flex_justify_content": "center"
                            },
                            "elements": [
                                {
                                    "id": "1d660290",
                                    "settings": {
                                        "tabs": [
                                            {
                                                "tab_title": "How to register through the website?",
                                                "tab_content": "Lorem ipsum dolor sit amet, consectetur adipiscing elit. Ut elit tellus, luctus nec ullamcorper mattis, pulvinar dapibus leo.",
                                                "_id": "5385fe0"
                                            },
                                            {
                                                "tab_title": "how to order a doctor through the website?",
                                                "tab_content": "Lorem ipsum dolor sit amet, consectetur adipiscing elit. Ut elit tellus, luctus nec ullamcorper mattis, pulvinar dapibus leo.",
                                                "_id": "be6e020"
                                            },
                                            {
                                                "tab_title": "How to Use Insurance?",
                                                "tab_content": "Lorem ipsum dolor sit amet, consectetur adipiscing elit. Ut elit tellus, luctus nec ullamcorper mattis, pulvinar dapibus leo.",
                                                "_id": "4c5aad7"
                                            },
                                            {
                                                "tab_title": "how to check doctor?",
                                                "tab_content": "Lorem ipsum dolor sit amet, consectetur adipiscing elit. Ut elit tellus, luctus nec ullamcorper mattis, pulvinar dapibus leo.",
                                                "_id": "a5d4f34"
                                            }
                                        ],
                                        "border_width": {
                                            "unit": "px",
                                            "size": 0,
                                            "sizes": []
                                        },
                                        "space_between": {
                                            "unit": "px",
                                            "size": 5,
                                            "sizes": []
                                        },
                                        "title_padding": {
                                            "unit": "px",
                                            "top": "25",
                                            "right": "25",
                                            "bottom": "25",
                                            "left": "25",
                                            "isLinked": true
                                        },
                                        "icon_align": "right",
                                        "content_padding": {
                                            "unit": "px",
                                            "top": "25",
                                            "right": "25",
                                            "bottom": "25",
                                            "left": "25",
                                            "isLinked": true
                                        },
                                        "__globals__": {
                                            "title_background": "globals\/colors?id=3241d62",
                                            "tab_active_color": "globals\/colors?id=accent",
                                            "content_background_color": "globals\/colors?id=secondary",
                                            "title_typography_typography": "globals\/typography?id=9b0b514",
                                            "title_color": "globals\/colors?id=accent",
                                            "content_color": "globals\/colors?id=text",
                                            "content_typography_typography": "globals\/typography?id=fae77b1",
                                            "icon_color": "globals\/colors?id=accent",
                                            "icon_active_color": "globals\/colors?id=accent",
                                            "border_color": "globals\/colors?id=0d65b1c",
                                            "_border_color": "globals\/colors?id=0d65b1c",
                                            "_background_color": "globals\/colors?id=3facd0c"
                                        },
                                        "_background_background": "classic",
                                        "_border_border": "solid",
                                        "_border_width": {
                                            "unit": "px",
                                            "top": "1",
                                            "right": "1",
                                            "bottom": "1",
                                            "left": "1",
                                            "isLinked": true
                                        },
                                        "_border_radius": {
                                            "unit": "px",
                                            "top": "10",
                                            "right": "10",
                                            "bottom": "10",
                                            "left": "10",
                                            "isLinked": true
                                        }
                                    },
                                    "elements": [],
                                    "isInner": false,
                                    "widgetType": "toggle",
                                    "elType": "widget"
                                }
                            ],
                            "isInner": true,
                            "elType": "container"
                        }
                    ],
                    "isInner": true,
                    "elType": "container"
                }
            ],
            "isInner": false,
            "elType": "container"
        }
    ]
}